Timestamp(s),Temperature(C),Humidity(%),Pressure(hPa),Altitude(m),MQ7_Raw,Voltage(V),CO(ppm)
0,26.52,38.31,1001.27,100.20,203,0.16,0.14
2,26.49,37.70,1001.28,100.23,187,0.15,0.13
4,26.46,37.49,1001.24,100.43,169,0.14,0.11
6,26.44,37.44,1001.27,100.22,167,0.13,0.11
8,26.40,37.00,1001.33,99.68,160,0.13,0.10
10,26.38,36.85,1001.32,99.83,154,0.12,0.10
12,26.37,36.79,1001.32,99.78,151,0.12,0.10
14,26.38,38.53,1001.30,99.93,147,0.12,0.09
16,26.39,38.39,1001.36,99.46,144,0.12,0.09
18,26.39,37.99,1001.36,99.44,144,0.12,0.09
20,26.41,37.76,1001.34,99.65,138,0.11,0.08
22,26.42,37.65,1001.33,99.73,132,0.11,0.08
24,26.45,37.72,1001.36,99.51,134,0.11,0.08
26,26.47,38.33,1001.36,99.43,128,0.10,0.08
28,26.47,38.38,1001.35,99.58,135,0.11,0.08
30,26.48,38.27,1001.38,99.33,132,0.11,0.08
32,26.48,38.09,1001.36,99.46,128,0.10,0.08
34,26.49,37.90,1001.36,99.43,120,0.10,0.07
36,26.49,37.77,1001.36,99.42,128,0.10,0.08
38,26.49,37.61,1001.36,99.47,120,0.10,0.07
40,26.50,37.56,1001.38,99.31,119,0.10,0.07
42,26.50,37.59,1001.38,99.31,119,0.10,0.07
44,26.54,43.38,1001.38,99.33,132,0.11,0.08
46,26.56,42.39,1001.40,99.16,128,0.10,0.08
48,26.55,40.78,1001.41,99.02,128,0.10,0.08
50,26.54,41.97,1001.39,99.24,123,0.10,0.07
52,26.53,41.05,1001.40,99.16,125,0.10,0.07
54,26.51,39.75,1001.41,99.05,118,0.10,0.07
57,26.56,42.57,1001.42,98.98,118,0.10,0.07
59,26.57,41.23,1001.40,99.15,119,0.10,0.07
61,26.60,43.02,1001.40,99.09,128,0.10,0.08
63,26.60,42.72,1001.39,99.19,123,0.10,0.07
65,26.59,41.75,1001.40,99.10,119,0.10,0.07
67,26.56,40.44,1001.40,99.16,116,0.09,0.07
69,26.55,40.02,1001.43,98.90,118,0.10,0.07
71,26.53,40.03,1001.40,99.23,118,0.10,0.07
73,26.51,39.36,1001.42,98.99,115,0.09,0.07
75,26.48,38.55,1001.43,98.91,124,0.10,0.07
77,26.46,38.08,1001.39,99.22,119,0.10,0.07
79,26.47,37.94,1001.45,98.73,129,0.10,0.08
81,26.45,37.75,1001.40,99.17,112,0.09,0.06
83,26.45,37.44,1001.40,99.15,113,0.09,0.07
85,26.40,37.25,1001.41,99.02,112,0.09,0.06
87,26.39,37.15,1001.41,99.00,112,0.09,0.06
89,26.38,37.97,1001.44,98.79,112,0.09,0.06
91,26.38,39.71,1001.40,99.16,112,0.09,0.06
93,26.36,40.67,1001.44,98.77,114,0.09,0.07
95,26.37,38.79,1001.43,98.89,110,0.09,0.06
97,26.35,38.38,1001.42,99.00,113,0.09,0.07
99,26.37,38.10,1001.42,99.00,103,0.08,0.06
101,26.39,37.80,1001.44,98.77,113,0.09,0.07
103,26.37,37.53,1001.42,99.00,114,0.09,0.07
105,26.35,37.27,1001.40,99.12,97,0.08,0.05
107,26.34,37.05,1001.40,99.17,105,0.08,0.06
109,26.33,36.95,1001.40,99.13,106,0.09,0.06
111,26.33,36.86,1001.40,99.16,110,0.09,0.06
114,26.32,36.85,1001.39,99.21,104,0.08,0.06
116,26.29,36.93,1001.39,99.25,104,0.08,0.06
118,26.29,36.94,1001.38,99.27,105,0.08,0.06
120,26.26,36.88,1001.38,99.26,109,0.09,0.06
122,26.24,37.04,1001.35,99.53,98,0.08,0.05
124,26.22,37.04,1001.35,99.55,105,0.08,0.06
126,26.20,36.89,1001.38,99.32,103,0.08,0.06
128,26.20,37.01,1001.34,99.63,101,0.08,0.06
130,26.19,37.18,1001.36,99.47,103,0.08,0.06
132,26.22,37.31,1001.33,99.69,111,0.09,0.06
134,26.23,37.33,1001.32,99.77,108,0.09,0.06
136,26.21,37.15,1001.35,99.53,112,0.09,0.06
138,26.19,37.00,1001.33,99.74,107,0.09,0.06
140,26.16,36.86,1001.34,99.67,102,0.08,0.06
142,26.16,36.86,1001.31,99.64,103,0.08,0.06
144,26.16,37.06,1001.31,99.86,102,0.08,0.06
146,26.17,37.12,1001.31,99.86,98,0.08,0.05
148,26.17,37.08,1001.33,99.74,109,0.09,0.06
150,26.17,37.19,1001.31,99.87,107,0.09,0.06
152,26.16,37.20,1001.31,99.92,101,0.08,0.06
154,26.17,38.15,1001.32,99.83,107,0.09,0.06
156,26.17,38.38,1001.27,100.25,110,0.09,0.06
158,26.16,38.08,1001.30,99.94,110,0.09,0.06
160,26.15,37.56,1001.28,100.11,109,0.09,0.06
162,26.15,38.65,1001.28,100.15,112,0.09,0.06
164,26.14,38.59,1001.28,100.16,112,0.09,0.06
166,26.13,37.88,1001.30,100.01,111,0.09,0.06
169,26.12,37.55,1001.25,100.38,110,0.09,0.06
171,26.11,37.40,1001.25,100.41,109,0.09,0.06
173,26.12,37.25,1001.26,100.34,97,0.08,0.05
175,26.10,37.13,1001.27,100.25,89,0.07,0.05
177,26.08,37.02,1001.26,100.34,106,0.09,0.06
179,26.09,37.09,1001.25,100.39,105,0.08,0.06
181,26.09,37.09,1001.24,100.45,109,0.09,0.06
183,26.11,37.06,1001.23,100.54,103,0.08,0.06
185,26.11,36.95,1001.21,100.72,103,0.08,0.06
187,26.10,37.06,1001.21,100.73,102,0.08,0.06
189,26.10,37.04,1001.25,100.43,107,0.09,0.06
191,26.08,36.95,1001.23,100.55,96,0.08,0.05
193,26.08,36.91,1001.22,100.61,99,0.08,0.06
195,26.07,36.91,1001.21,100.75,99,0.08,0.06
197,26.03,36.70,1001.20,100.82,104,0.08,0.06
199,26.00,36.63,1001.21,100.76,91,0.07,0.05
201,26.00,36.65,1001.17,101.04,106,0.09,0.06
203,25.99,36.66,1001.20,100.85,101,0.08,0.06
205,25.98,36.52,1001.19,100.86,95,0.08,0.05
207,25.98,36.39,1001.17,101.04,98,0.08,0.05
209,25.99,36.33,1001.19,100.91,94,0.08,0.05
211,25.97,36.30,1001.17,101.03,96,0.08,0.05
213,25.95,36.31,1001.18,101.00,97,0.08,0.05
215,25.94,36.28,1001.15,101.27,94,0.08,0.05
217,25.94,36.17,1001.17,101.08,92,0.07,0.05
219,25.93,36.08,1001.16,101.17,94,0.08,0.05
222,25.90,36.04,1001.12,101.48,96,0.08,0.05
224,25.89,36.00,1001.11,101.58,96,0.08,0.05
226,25.89,36.04,1001.10,101.62,93,0.07,0.05
228,25.90,36.07,1001.11,101.59,92,0.07,0.05
230,25.88,35.92,1001.15,101.23,88,0.07,0.05
232,25.88,35.91,1001.12,101.50,108,0.09,0.06
234,25.85,35.94,1001.10,101.64,97,0.08,0.05
236,25.85,35.89,1001.12,101.48,93,0.07,0.05
238,25.82,35.82,1001.11,101.58,89,0.07,0.05
240,25.77,35.75,1001.10,101.61,99,0.08,0.06
242,25.75,35.70,1001.10,101.64,96,0.08,0.05
244,25.74,35.65,1001.11,101.58,92,0.07,0.05
246,25.74,35.68,1001.10,101.68,94,0.08,0.05
248,25.74,35.71,1001.12,101.52,85,0.07,0.05
250,25.73,35.78,1001.10,101.61,93,0.07,0.05
252,25.73,35.74,1001.08,101.83,96,0.08,0.05
254,25.72,35.68,1001.11,101.54,95,0.08,0.05
256,25.70,35.60,1001.11,101.58,80,0.06,0.04
258,25.70,35.55,1001.05,102.04,94,0.08,0.05
260,25.69,35.48,1001.07,101.95,95,0.08,0.05
262,25.70,35.48,1001.08,101.81,95,0.08,0.05
264,25.70,35.50,1001.08,101.85,92,0.07,0.05
266,25.69,35.53,1001.08,101.85,88,0.07,0.05
268,25.69,35.45,1001.06,102.03,92,0.07,0.05
270,25.66,35.42,1001.04,102.14,90,0.07,0.05
273,25.65,35.44,1001.07,101.88,90,0.07,0.05
275,25.61,35.40,1001.03,102.24,88,0.07,0.05
277,25.61,35.43,1001.03,102.20,85,0.07,0.05
279,25.59,35.36,1001.02,102.29,98,0.08,0.05
281,25.60,35.38,1001.02,102.35,89,0.07,0.05
283,25.58,35.40,1001.03,102.24,86,0.07,0.05
285,25.56,35.42,1001.00,102.48,96,0.08,0.05
287,25.47,35.44,1000.99,102.57,90,0.07,0.05
289,25.42,35.59,1001.01,102.44,88,0.07,0.05
291,25.39,35.90,1001.00,102.46,91,0.07,0.05
293,25.42,36.99,1001.02,102.29,94,0.08,0.05
295,25.43,37.30,1001.00,102.50,98,0.08,0.05
297,25.43,37.58,1001.01,102.42,97,0.08,0.05
299,25.44,37.93,1001.02,102.36,99,0.08,0.06
301,25.46,37.87,1001.03,102.26,93,0.07,0.05
303,25.46,38.28,1001.04,102.19,99,0.08,0.06
305,25.47,38.38,1001.05,102.04,91,0.07,0.05
307,25.48,38.15,1001.00,102.47,99,0.08,0.06
309,25.49,37.73,1001.02,102.36,95,0.08,0.05
311,25.48,36.76,1000.99,102.53,96,0.08,0.05
313,25.49,36.41,1001.02,102.35,103,0.08,0.06
315,25.48,36.38,1000.99,102.58,93,0.07,0.05
317,25.49,36.23,1001.01,102.39,95,0.08,0.05
319,25.49,35.98,1001.03,102.25,91,0.07,0.05
321,25.48,35.85,1000.98,102.63,90,0.07,0.05
323,25.49,35.90,1001.01,102.44,90,0.07,0.05
326,25.49,35.90,1000.97,102.75,95,0.08,0.05
328,25.49,35.85,1000.98,102.65,91,0.07,0.05
330,25.50,35.88,1001.00,102.51,102,0.08,0.06
332,25.52,35.90,1000.98,102.65,89,0.07,0.05
334,25.51,35.82,1000.97,102.71,94,0.08,0.05
336,25.52,36.12,1001.00,102.49,91,0.07,0.05
338,25.49,36.04,1001.02,102.30,88,0.07,0.05
340,25.46,35.88,1001.02,102.32,80,0.06,0.04
342,25.49,37.27,1001.00,102.49,90,0.07,0.05
344,25.48,36.78,1000.99,102.58,93,0.07,0.05
346,25.46,36.56,1001.00,102.50,93,0.07,0.05
348,25.44,36.22,1000.94,103.00,90,0.07,0.05
350,25.45,36.14,1000.97,102.77,92,0.07,0.05
352,25.44,36.27,1001.00,102.49,89,0.07,0.05
354,25.45,36.66,1001.00,102.50,90,0.07,0.05
356,25.41,36.23,1000.99,102.54,94,0.08,0.05
358,25.40,36.07,1000.99,102.55,92,0.07,0.05
360,25.40,36.04,1000.99,102.61,96,0.08,0.05
362,25.43,36.01,1000.99,102.59,95,0.08,0.05
364,25.45,36.01,1001.00,102.46,83,0.07,0.04
366,25.43,36.22,1001.00,102.51,89,0.07,0.05
368,25.44,37.14,1000.97,102.71,97,0.08,0.05
370,25.45,37.50,1000.98,102.69,94,0.08,0.05
372,25.46,37.52,1001.00,102.52,95,0.08,0.05
374,25.47,36.94,1000.99,102.60,94,0.08,0.05
377,25.48,36.59,1001.00,102.46,94,0.08,0.05
379,25.50,36.41,1000.98,102.68,92,0.07,0.05
381,25.50,36.58,1000.98,102.63,96,0.08,0.05
383,25.51,37.93,1001.01,102.38,94,0.08,0.05
385,25.51,36.95,1001.02,102.32,99,0.08,0.06
387,25.52,37.02,1001.01,102.37,94,0.08,0.05
389,25.52,36.53,1001.03,102.28,91,0.07,0.05
391,25.50,36.49,1001.01,102.41,86,0.07,0.05
393,25.50,36.41,1001.02,102.36,94,0.08,0.05
395,25.49,36.38,1001.02,102.33,96,0.08,0.05
397,25.50,36.36,1000.99,102.59,96,0.08,0.05
399,25.51,36.40,1000.99,102.55,110,0.09,0.06
401,25.51,36.54,1001.01,102.43,94,0.08,0.05
403,25.52,36.39,1001.00,102.47,95,0.08,0.05
405,25.52,36.23,1000.98,102.68,96,0.08,0.05
407,25.52,36.18,1000.99,102.60,96,0.08,0.05
409,25.53,36.09,1001.02,102.33,93,0.07,0.05
411,25.50,38.17,1001.00,102.51,103,0.08,0.06
413,25.49,38.12,1000.97,102.73,106,0.09,0.06
415,25.49,38.87,1001.01,102.42,106,0.09,0.06
417,25.51,38.79,1001.02,102.30,107,0.09,0.06
419,25.50,38.14,1001.00,102.47,85,0.07,0.05
421,25.50,37.34,1000.98,102.70,101,0.08,0.06
423,25.50,37.00,1000.99,102.62,103,0.08,0.06
425,25.51,36.65,1000.98,102.63,93,0.07,0.05
427,25.52,36.45,1000.99,102.60,96,0.08,0.05
430,25.52,36.73,1001.01,102.42,97,0.08,0.05
432,25.51,36.50,1000.99,102.60,96,0.08,0.05
434,25.51,37.13,1001.00,102.48,80,0.06,0.04
436,25.52,37.00,1001.03,102.22,101,0.08,0.06
438,25.50,36.61,1001.00,102.51,98,0.08,0.05
440,25.50,36.51,1001.01,102.38,102,0.08,0.06
442,25.48,37.22,1001.01,102.38,94,0.08,0.05
444,25.49,38.30,1000.98,102.67,98,0.08,0.05
446,25.50,37.47,1001.04,102.19,99,0.08,0.06
448,25.50,37.03,1001.00,102.52,95,0.08,0.05
450,25.51,36.87,1001.00,102.46,98,0.08,0.05
452,25.50,36.76,1001.03,102.26,102,0.08,0.06
454,25.52,36.68,1001.05,102.06,101,0.08,0.06
456,25.52,36.61,1001.01,102.41,97,0.08,0.05
458,25.53,36.45,1001.02,102.33,97,0.08,0.05
460,25.52,36.37,1001.03,102.28,96,0.08,0.05
462,25.52,36.35,1001.00,102.47,110,0.09,0.06
464,25.51,36.39,1001.00,102.37,85,0.07,0.05
466,25.49,36.36,1000.99,102.62,96,0.08,0.05
468,25.50,36.42,1001.02,102.32,93,0.07,0.05
470,25.49,36.55,1001.06,102.00,94,0.08,0.05
472,25.51,36.67,1001.02,102.37,91,0.07,0.05
474,25.52,36.54,1001.00,102.48,96,0.08,0.05
476,25.52,36.55,1001.03,102.25,99,0.08,0.06
478,25.51,37.10,1001.04,102.14,96,0.08,0.05
481,25.51,37.18,1001.02,102.30,95,0.08,0.05
483,25.52,37.89,1001.02,102.35,103,0.08,0.06
485,25.53,37.69,1000.98,102.63,99,0.08,0.06
487,25.52,37.32,1001.02,102.30,102,0.08,0.06
489,25.52,37.76,1001.01,102.40,96,0.08,0.05
491,25.52,37.56,1001.02,102.30,95,0.08,0.05
493,25.52,37.08,1001.04,102.15,95,0.08,0.05
495,25.51,36.74,1001.06,102.03,103,0.08,0.06
497,25.51,36.58,1001.04,102.16,98,0.08,0.05
499,25.49,36.82,1001.05,102.07,96,0.08,0.05
501,25.49,36.85,1001.03,102.23,106,0.09,0.06
503,25.49,37.01,1001.06,101.96,95,0.08,0.05
505,25.48,36.96,1001.04,102.13,97,0.08,0.05
507,25.46,36.62,1001.05,102.08,107,0.09,0.06
509,25.46,36.59,1001.06,102.02,96,0.08,0.05
511,25.44,36.60,1001.01,102.41,107,0.09,0.06
513,25.45,36.96,1001.01,102.39,97,0.08,0.05
515,25.47,37.06,1001.02,102.34,97,0.08,0.05
517,25.47,36.98,1001.04,102.19,99,0.08,0.06
519,25.45,36.80,1000.99,102.60,100,0.08,0.06
521,25.45,36.69,1000.99,102.56,97,0.08,0.05
523,25.43,36.63,1000.95,102.95,98,0.08,0.05
525,25.43,36.61,1001.02,102.32,97,0.08,0.05
527,25.42,36.67,1001.05,102.09,97,0.08,0.05
529,25.43,36.71,1001.02,102.32,98,0.08,0.05
532,25.43,36.81,1001.02,102.30,97,0.08,0.05
534,25.45,37.99,1001.04,102.15,107,0.09,0.06
536,25.46,38.12,1001.02,102.38,99,0.08,0.06
538,25.45,37.56,1001.03,102.21,102,0.08,0.06
540,25.45,37.77,1001.03,102.25,96,0.08,0.05
542,25.45,37.71,1001.00,102.51,100,0.08,0.06
544,25.43,37.28,1001.00,102.49,112,0.09,0.06
546,25.42,36.95,1001.01,102.38,98,0.08,0.05
548,25.43,36.80,1001.00,102.50,95,0.08,0.05
550,25.43,36.72,1001.03,102.28,96,0.08,0.05
552,25.42,36.71,1001.01,102.45,94,0.08,0.05
554,25.42,36.72,1001.01,102.43,96,0.08,0.05
556,25.43,36.78,1001.01,102.44,96,0.08,0.05
558,25.43,36.87,1001.03,102.22,101,0.08,0.06
560,25.42,37.10,1001.00,102.53,93,0.07,0.05
562,25.44,37.42,1001.00,102.48,99,0.08,0.06
564,25.43,37.28,1001.00,102.49,96,0.08,0.05
566,25.43,37.09,1000.99,102.56,100,0.08,0.06
568,25.42,36.92,1001.00,102.48,92,0.07,0.05
570,25.43,37.03,1001.03,102.27,107,0.09,0.06
572,25.42,37.21,1001.01,102.39,99,0.08,0.06
574,25.42,37.21,1001.01,102.44,98,0.08,0.05
576,25.42,37.14,1001.01,102.40,99,0.08,0.06
578,25.42,37.04,1000.99,102.54,99,0.08,0.06
580,25.45,37.96,1000.99,102.59,105,0.08,0.06
583,25.45,37.53,1001.03,102.27,98,0.08,0.05
585,25.45,37.24,1001.02,102.29,97,0.08,0.05
587,25.45,37.25,1001.01,102.38,98,0.08,0.05
589,25.43,37.01,1000.99,102.55,100,0.08,0.06
591,25.42,36.84,1001.03,102.27,97,0.08,0.05
593,25.41,36.89,1001.01,102.42,87,0.07,0.05
595,25.41,36.83,1000.99,102.58,96,0.08,0.05
597,25.40,36.79,1001.01,102.44,94,0.08,0.05
599,25.40,36.90,1001.02,102.36,109,0.09,0.06
601,25.40,36.96,1000.99,102.57,99,0.08,0.06
603,25.41,36.95,1001.00,102.49,96,0.08,0.05
605,25.44,38.35,1001.02,102.33,99,0.08,0.06
607,25.44,38.75,1001.01,102.45,102,0.08,0.06
609,25.44,38.02,1000.98,102.68,101,0.08,0.06
611,25.45,37.67,1001.01,102.43,105,0.08,0.06
613,25.44,37.37,1001.02,102.35,106,0.09,0.06
615,25.47,40.20,1001.02,102.30,107,0.09,0.06
617,25.48,40.93,1001.01,102.38,109,0.09,0.06
619,25.47,39.75,1001.02,102.29,106,0.09,0.06
621,25.47,39.59,1001.01,102.43,112,0.09,0.06
623,25.49,40.52,1001.02,102.31,110,0.09,0.06
625,25.49,39.56,1001.01,102.41,113,0.09,0.07
627,25.48,38.73,1001.00,102.48,113,0.09,0.07
629,25.47,38.05,1001.00,102.50,114,0.09,0.07
631,25.46,37.73,1001.00,102.46,102,0.08,0.06
633,25.45,37.49,1000.98,102.69,107,0.09,0.06
636,25.43,37.30,1000.98,102.65,103,0.08,0.06
638,25.46,39.87,1000.97,102.76,118,0.10,0.07
640,25.47,42.32,1000.99,102.54,112,0.09,0.06
642,25.47,42.15,1001.00,102.50,102,0.08,0.06
644,25.50,41.62,1000.96,102.81,108,0.09,0.06
646,25.50,39.73,1001.00,102.46,106,0.09,0.06
648,25.53,38.49,1001.02,102.30,109,0.09,0.06
650,25.50,37.77,1000.98,102.65,99,0.08,0.06
652,25.48,37.51,1000.97,102.77,107,0.09,0.06
654,25.47,37.51,1000.99,102.53,109,0.09,0.06
656,25.46,37.69,1000.97,102.79,112,0.09,0.06
658,25.46,37.41,1000.98,102.62,110,0.09,0.06
660,25.45,37.22,1000.98,102.66,112,0.09,0.06
662,25.43,37.14,1000.93,103.07,112,0.09,0.06
664,25.44,37.67,1000.99,102.51,102,0.08,0.06
666,25.46,37.22,1000.98,102.64,105,0.08,0.06
668,25.47,37.13,1000.97,102.77,99,0.08,0.06
670,25.47,37.04,1000.97,102.72,97,0.08,0.05
672,25.47,37.04,1000.94,102.97,99,0.08,0.06
674,25.46,36.94,1000.97,102.74,82,0.07,0.04
676,25.46,36.95,1000.96,102.86,94,0.08,0.05
678,25.45,36.92,1001.00,102.48,92,0.07,0.05
680,25.46,36.81,1001.01,102.42,98,0.08,0.05
682,25.45,36.71,1000.99,102.58,98,0.08,0.05
684,25.45,36.69,1000.97,102.73,98,0.08,0.05
686,25.45,36.69,1000.97,102.74,94,0.08,0.05
689,25.45,36.70,1000.99,102.58,99,0.08,0.06
691,25.45,36.71,1000.97,102.71,93,0.07,0.05
693,25.46,36.83,1000.99,102.55,99,0.08,0.06
695,25.46,36.98,1000.97,102.79,98,0.08,0.05
697,25.46,37.92,1001.00,102.51,102,0.08,0.06
699,25.46,37.81,1000.98,102.64,90,0.07,0.05
701,25.45,37.35,1000.98,102.68,95,0.08,0.05
703,25.45,37.11,1000.97,102.76,93,0.07,0.05
705,25.43,36.99,1000.99,102.61,97,0.08,0.05
707,25.44,37.04,1000.97,102.73,100,0.08,0.06
709,25.44,37.15,1001.02,102.33,100,0.08,0.06
711,25.44,37.11,1000.98,102.66,101,0.08,0.06
713,25.45,37.17,1001.03,102.26,98,0.08,0.05
715,25.45,37.43,1001.03,102.20,98,0.08,0.05
717,25.45,37.52,1001.02,102.29,97,0.08,0.05
719,25.45,37.38,1001.08,101.84,97,0.08,0.05
721,25.45,37.28,1001.08,101.81,96,0.08,0.05
723,25.46,37.22,1001.06,101.97,99,0.08,0.06
725,25.45,37.21,1001.08,101.80,99,0.08,0.06
727,25.44,37.14,1001.04,102.14,91,0.07,0.05
729,25.44,37.13,1001.05,102.10,97,0.08,0.05
731,25.45,37.20,1001.05,102.08,93,0.07,0.05
733,25.44,37.11,1001.06,101.99,94,0.08,0.05
735,25.43,37.23,1001.05,102.07,90,0.07,0.05
737,25.42,37.26,1001.03,102.26,97,0.08,0.05
739,25.43,38.11,1001.03,102.27,105,0.08,0.06
742,25.42,37.36,1001.03,102.22,95,0.08,0.05
744,25.40,37.00,1001.02,102.32,98,0.08,0.05
746,25.41,37.01,1001.05,102.03,91,0.07,0.05
748,25.41,36.97,1001.03,102.23,98,0.08,0.05
750,25.41,36.95,1001.05,102.08,96,0.08,0.05
752,25.40,36.94,1001.05,102.08,95,0.08,0.05
754,25.40,37.03,1001.04,102.12,93,0.07,0.05
756,25.41,36.96,1001.05,102.10,103,0.08,0.06
758,25.40,36.98,1001.04,102.15,99,0.08,0.06
760,25.40,36.98,1001.04,102.14,100,0.08,0.06
762,25.41,37.19,1001.03,102.23,109,0.09,0.06
764,25.40,37.37,1001.05,102.07,103,0.08,0.06
766,25.42,38.30,1001.06,101.97,100,0.08,0.06
768,25.42,37.86,1001.06,102.00,99,0.08,0.06
770,25.41,37.18,1001.04,102.16,98,0.08,0.05
772,25.43,37.24,1001.06,102.01,101,0.08,0.06
774,25.42,37.39,1001.04,102.19,103,0.08,0.06
776,25.41,37.07,1001.03,102.23,96,0.08,0.05
778,25.41,37.00,1001.05,102.06,99,0.08,0.06
780,25.41,36.95,1001.05,102.05,101,0.08,0.06
782,25.42,37.00,1001.06,101.98,102,0.08,0.06
784,25.42,37.04,1001.04,102.16,96,0.08,0.05
786,25.42,37.04,1001.04,102.14,101,0.08,0.06
788,25.43,37.52,1001.03,102.26,91,0.07,0.05
790,25.45,37.07,1001.05,102.11,98,0.08,0.05
793,25.45,36.80,1001.10,101.65,97,0.08,0.05
795,25.45,36.70,1001.08,101.80,95,0.08,0.05
797,25.44,36.67,1001.06,101.97,87,0.07,0.05
799,25.43,36.68,1001.10,101.67,95,0.08,0.05
801,25.42,36.83,1001.08,101.78,101,0.08,0.06
803,25.41,36.76,1001.02,102.36,96,0.08,0.05
805,25.42,36.76,1001.06,101.99,99,0.08,0.06
807,25.42,36.71,1001.08,101.83,99,0.08,0.06
809,25.41,36.69,1001.07,101.91,101,0.08,0.06
811,25.42,37.47,1001.05,102.08,102,0.08,0.06
813,25.44,38.01,1001.09,101.76,101,0.08,0.06
815,25.44,38.89,1001.09,101.71,111,0.09,0.06
817,25.45,37.95,1001.08,101.80,106,0.09,0.06
819,25.44,38.08,1001.08,101.82,103,0.08,0.06
821,25.44,37.87,1001.07,101.88,103,0.08,0.06
823,25.44,37.58,1001.06,101.97,98,0.08,0.05
825,25.44,37.39,1001.08,101.80,102,0.08,0.06
827,25.43,37.37,1001.11,101.58,109,0.09,0.06
829,25.44,37.43,1001.11,101.53,100,0.08,0.06
831,25.43,37.54,1001.10,101.68,101,0.08,0.06
833,25.44,37.33,1001.09,101.75,96,0.08,0.05
835,25.44,37.30,1001.09,101.73,106,0.09,0.06
837,25.43,37.75,1001.10,101.64,121,0.10,0.07
839,25.44,37.75,1001.09,101.77,112,0.09,0.06
841,25.47,39.01,1001.10,101.65,111,0.09,0.06
843,25.49,38.98,1001.12,101.47,109,0.09,0.06
845,25.49,39.47,1001.09,101.77,112,0.09,0.06
848,25.50,39.94,1001.12,101.49,108,0.09,0.06
850,25.49,38.93,1001.11,101.59,108,0.09,0.06
852,25.52,41.32,1001.11,101.59,112,0.09,0.06
854,25.53,39.92,1001.11,101.58,112,0.09,0.06
856,25.53,39.81,1001.13,101.43,109,0.09,0.06
858,25.53,40.34,1001.14,101.34,110,0.09,0.06
860,25.54,41.25,1001.12,101.47,101,0.08,0.06
862,25.54,41.20,1001.15,101.23,110,0.09,0.06
864,25.55,40.54,1001.12,101.49,113,0.09,0.07
866,25.55,40.18,1001.12,101.48,112,0.09,0.06
868,25.55,40.24,1001.12,101.47,115,0.09,0.07
870,25.55,40.13,1001.12,101.51,113,0.09,0.07
872,25.54,39.85,1001.13,101.37,109,0.09,0.06
874,25.54,39.20,1001.14,101.34,112,0.09,0.06
876,25.55,39.74,1001.14,101.30,113,0.09,0.07
878,25.55,39.96,1001.11,101.58,112,0.09,0.06
880,25.56,40.33,1001.14,101.32,112,0.09,0.06
882,25.57,40.52,1001.14,101.33,111,0.09,0.06
884,25.56,39.59,1001.15,101.22,105,0.08,0.06
886,25.56,39.16,1001.15,101.26,112,0.09,0.06
888,25.55,38.22,1001.16,101.14,107,0.09,0.06
890,25.52,37.76,1001.12,101.44,103,0.08,0.06
892,25.51,37.93,1001.13,101.41,106,0.09,0.06
894,25.51,38.46,1001.16,101.14,107,0.09,0.06
896,25.53,40.43,1001.14,101.27,112,0.09,0.06
898,25.53,39.76,1001.16,101.17,108,0.09,0.06
901,25.52,38.61,1001.18,101.00,109,0.09,0.06
903,25.53,38.06,1001.18,100.96,106,0.09,0.06
905,25.52,37.95,1001.16,101.17,109,0.09,0.06
907,25.51,38.06,1001.16,101.14,103,0.08,0.06
909,25.51,37.76,1001.16,101.19,106,0.09,0.06
911,25.51,37.50,1001.17,101.04,108,0.09,0.06
913,25.51,37.41,1001.16,101.15,102,0.08,0.06
915,25.51,37.25,1001.15,101.23,111,0.09,0.06
917,25.52,37.17,1001.19,100.92,105,0.08,0.06
919,25.51,37.06,1001.14,101.33,102,0.08,0.06
921,25.51,37.10,1001.15,101.23,112,0.09,0.06
923,25.52,39.07,1001.15,101.21,108,0.09,0.06
925,25.53,38.63,1001.16,101.13,110,0.09,0.06
927,25.55,39.88,1001.15,101.25,110,0.09,0.06
929,25.54,38.44,1001.15,101.26,110,0.09,0.06
931,25.53,37.82,1001.16,101.13,105,0.08,0.06
933,25.55,41.89,1001.16,101.14,109,0.09,0.06
935,25.55,41.03,1001.16,101.11,108,0.09,0.06
937,25.57,40.41,1001.15,101.24,110,0.09,0.06
939,25.56,39.19,1001.14,101.31,113,0.09,0.07
941,25.57,38.98,1001.15,101.24,104,0.08,0.06
943,25.58,38.73,1001.12,101.50,112,0.09,0.06
945,25.58,38.20,1001.13,101.36,104,0.08,0.06
947,25.59,41.09,1001.13,101.38,109,0.09,0.06
949,25.59,40.08,1001.15,101.22,105,0.08,0.06
952,25.58,39.42,1001.16,101.17,109,0.09,0.06
954,25.59,39.71,1001.13,101.42,105,0.08,0.06
956,25.60,40.00,1001.12,101.49,121,0.10,0.07
958,25.61,39.64,1001.13,101.28,114,0.09,0.07
960,25.61,38.77,1001.14,101.29,112,0.09,0.06
962,25.59,38.29,1001.15,101.27,94,0.08,0.05
964,25.58,37.90,1001.10,101.62,98,0.08,0.05
966,25.58,37.94,1001.12,101.49,100,0.08,0.06
968,25.60,40.28,1001.14,101.30,112,0.09,0.06
970,25.63,40.77,1001.14,101.27,106,0.09,0.06
972,25.65,41.37,1001.15,101.25,108,0.09,0.06
974,25.66,41.26,1001.14,101.30,111,0.09,0.06
976,25.67,41.77,1001.14,101.33,112,0.09,0.06
978,25.67,40.82,1001.13,101.43,110,0.09,0.06
980,25.66,40.24,1001.14,101.36,103,0.08,0.06
982,25.65,39.91,1001.14,101.28,112,0.09,0.06
984,25.66,40.77,1001.15,101.24,92,0.07,0.05
986,25.65,40.06,1001.13,101.42,113,0.09,0.07
988,25.64,39.37,1001.13,101.37,112,0.09,0.06
990,25.63,38.62,1001.11,101.53,108,0.09,0.06
992,25.62,38.11,1001.11,101.54,108,0.09,0.06
994,25.61,37.78,1001.11,101.60,107,0.09,0.06
996,25.59,37.64,1001.07,101.91,102,0.08,0.06
998,25.60,37.53,1001.07,101.87,110,0.09,0.06
1000,25.59,37.38,1001.07,101.86,106,0.09,0.06
1002,25.59,37.25,1001.08,101.80,102,0.08,0.06
1005,25.58,37.15,1001.07,101.91,100,0.08,0.06
1007,25.58,37.10,1001.08,101.82,108,0.09,0.06
1009,25.58,37.06,1001.07,101.92,110,0.09,0.06
1011,25.57,36.93,1001.09,101.72,98,0.08,0.05
1013,25.57,36.91,1001.07,101.90,106,0.09,0.06
1015,25.56,36.89,1001.04,102.13,110,0.09,0.06
1017,25.56,36.89,1001.06,101.98,106,0.09,0.06
1019,25.57,36.94,1001.05,102.07,103,0.08,0.06
1021,25.57,36.96,1001.07,101.91,95,0.08,0.05
1023,25.57,36.99,1001.08,101.84,100,0.08,0.06
1025,25.58,38.10,1001.07,101.88,104,0.08,0.06
1027,25.58,38.00,1001.06,101.97,108,0.09,0.06
1029,25.57,37.63,1001.08,101.86,110,0.09,0.06
1031,25.57,37.30,1001.05,102.10,106,0.09,0.06
1033,25.57,37.15,1001.06,102.12,101,0.08,0.06
1035,25.57,37.30,1001.08,101.85,110,0.09,0.06
1037,25.59,38.41,1001.08,101.84,106,0.09,0.06
1039,25.60,39.31,1001.08,101.86,108,0.09,0.06
1041,25.61,39.15,1001.08,101.83,106,0.09,0.06
1043,25.61,38.78,1001.10,101.68,112,0.09,0.06
1045,25.61,38.05,1001.09,101.76,107,0.09,0.06
1047,25.60,37.64,1001.08,101.78,108,0.09,0.06
1049,25.60,37.56,1001.09,101.70,107,0.09,0.06
1051,25.59,37.39,1001.09,101.77,112,0.09,0.06
1053,25.58,37.24,1001.07,101.87,104,0.08,0.06
1056,25.58,37.16,1001.08,101.80,125,0.10,0.07
1058,25.58,37.17,1001.09,101.73,100,0.08,0.06
1060,25.58,37.22,1001.09,101.75,110,0.09,0.06
1062,25.58,37.10,1001.06,102.01,101,0.08,0.06
1064,25.58,37.25,1001.10,101.69,107,0.09,0.06
1066,25.58,37.61,1001.10,101.65,104,0.08,0.06
1068,25.58,37.14,1001.07,101.88,109,0.09,0.06
1070,25.57,37.01,1001.09,101.74,100,0.08,0.06
1072,25.57,36.94,1001.09,101.74,97,0.08,0.05
1074,25.57,36.99,1001.08,101.79,100,0.08,0.06
1076,25.56,36.93,1001.08,101.85,104,0.08,0.06
1078,25.55,36.89,1001.08,101.85,102,0.08,0.06
1080,25.55,36.83,1001.11,101.54,102,0.08,0.06
1082,25.56,37.31,1001.11,101.55,103,0.08,0.06
1084,25.55,37.44,1001.08,101.85,103,0.08,0.06
1086,25.54,37.12,1001.11,101.56,99,0.08,0.06
1088,25.54,37.09,1001.08,101.84,101,0.08,0.06
1090,25.55,37.11,1001.11,101.55,106,0.09,0.06
1092,25.55,37.11,1001.09,101.76,103,0.08,0.06
1094,25.55,37.04,1001.13,101.43,80,0.06,0.04
1096,25.54,37.09,1001.06,101.96,100,0.08,0.06
1098,25.55,37.13,1001.10,101.67,106,0.09,0.06
1100,25.54,37.19,1001.06,102.00,99,0.08,0.06
1102,25.54,37.06,1001.07,101.87,104,0.08,0.06
1104,25.54,38.35,1001.13,101.42,107,0.09,0.06
1107,25.53,38.70,1001.10,101.68,110,0.09,0.06
1109,25.53,37.59,1001.07,101.87,104,0.08,0.06
1111,25.53,37.27,1001.13,101.44,112,0.09,0.06
1113,25.53,37.20,1001.10,101.67,104,0.08,0.06
1115,25.52,37.13,1001.09,101.70,105,0.08,0.06
1117,25.51,37.16,1001.08,101.80,99,0.08,0.06
1119,25.53,37.04,1001.10,101.63,105,0.08,0.06
1121,25.53,37.04,1001.09,101.75,103,0.08,0.06
1123,25.52,36.83,1001.11,101.53,98,0.08,0.05
1125,25.52,36.81,1001.11,101.60,103,0.08,0.06
1127,25.51,36.91,1001.10,101.65,101,0.08,0.06
1129,25.50,37.00,1001.12,101.52,102,0.08,0.06
1131,25.52,36.95,1001.12,101.47,97,0.08,0.05
1133,25.53,37.17,1001.10,101.63,108,0.09,0.06
1135,25.53,37.15,1001.14,101.30,102,0.08,0.06
1137,25.53,37.20,1001.11,101.58,104,0.08,0.06
1139,25.54,37.37,1001.11,101.59,104,0.08,0.06
1141,25.54,37.20,1001.13,101.40,107,0.09,0.06
1143,25.55,37.22,1001.11,101.54,110,0.09,0.06
1145,25.55,38.04,1001.09,101.71,111,0.09,0.06
1147,25.58,38.35,1001.13,101.37,109,0.09,0.06
1149,25.59,38.32,1001.12,101.45,108,0.09,0.06
1151,25.60,38.09,1001.09,101.71,108,0.09,0.06
1153,25.59,37.74,1001.11,101.56,109,0.09,0.06
1155,25.59,37.63,1001.13,101.37,106,0.09,0.06
1157,25.57,37.74,1001.14,101.36,106,0.09,0.06
1160,25.55,37.26,1001.12,101.51,99,0.08,0.06
1162,25.54,37.13,1001.11,101.53,100,0.08,0.06
1164,25.54,37.17,1001.14,101.33,107,0.09,0.06
1166,25.57,37.64,1001.13,101.41,106,0.09,0.06
1168,25.59,38.06,1001.15,101.23,105,0.08,0.06
1170,25.60,38.06,1001.15,101.24,96,0.08,0.05
1172,25.60,37.78,1001.15,101.22,96,0.08,0.05
1174,25.59,37.73,1001.12,101.45,100,0.08,0.06
1176,25.60,37.78,1001.17,101.09,96,0.08,0.05
1178,25.60,37.56,1001.15,101.24,96,0.08,0.05
1180,25.59,37.34,1001.14,101.29,97,0.08,0.05
1182,25.56,37.26,1001.17,101.10,86,0.07,0.05
1184,25.53,37.47,1001.13,101.40,95,0.08,0.05
1186,25.53,37.58,1001.19,100.91,96,0.08,0.05
1188,25.56,37.66,1001.19,100.93,101,0.08,0.06
1190,25.55,37.46,1001.22,100.65,101,0.08,0.06
1192,25.53,37.52,1001.17,101.07,109,0.09,0.06
1194,25.53,37.63,1001.18,100.99,98,0.08,0.05
1196,25.53,37.63,1001.17,101.05,98,0.08,0.05
1198,25.53,37.87,1001.19,100.91,102,0.08,0.06
1200,25.52,37.75,1001.18,100.99,106,0.09,0.06
1202,25.50,37.75,1001.17,101.09,85,0.07,0.05
1204,25.52,40.26,1001.18,101.02,94,0.08,0.05
1206,25.57,42.08,1001.15,101.23,120,0.10,0.07
1208,25.63,45.64,1001.20,100.84,91,0.07,0.05
1211,25.72,41.19,1001.23,100.59,85,0.07,0.05
1213,25.70,39.76,1001.21,100.71,85,0.07,0.05
1215,25.66,38.50,1001.20,100.84,80,0.06,0.04
1217,25.65,38.02,1001.21,100.75,86,0.07,0.05
1219,25.64,37.70,1001.18,100.96,82,0.07,0.04
1221,25.63,37.47,1001.19,100.87,82,0.07,0.04
1223,25.62,37.38,1001.18,101.00,85,0.07,0.05
1225,25.59,37.38,1001.18,100.95,86,0.07,0.05
1227,25.60,37.38,1001.19,100.87,85,0.07,0.05
1229,25.60,37.79,1001.17,101.05,90,0.07,0.05
1231,25.59,37.77,1001.18,100.96,92,0.07,0.05
1233,25.58,37.94,1001.20,100.82,89,0.07,0.05
1235,25.57,37.81,1001.20,100.78,91,0.07,0.05
1237,25.57,37.65,1001.21,100.69,86,0.07,0.05
1239,25.55,37.45,1001.21,100.69,80,0.06,0.04
1241,25.53,37.46,1001.20,100.83,82,0.07,0.04
1243,25.53,37.54,1001.20,100.85,85,0.07,0.05
1245,25.53,37.45,1001.20,100.77,84,0.07,0.04
1247,25.53,37.30,1001.20,100.81,84,0.07,0.04
1249,25.53,38.10,1001.21,100.70,85,0.07,0.05
1251,25.54,38.37,1001.19,100.88,87,0.07,0.05
1253,25.55,38.18,1001.24,100.51,81,0.07,0.04
1255,25.53,37.54,1001.23,100.59,86,0.07,0.05
1257,25.51,37.42,1001.24,100.45,86,0.07,0.05
1259,25.50,37.42,1001.23,100.52,87,0.07,0.05
1262,25.50,37.85,1001.25,100.41,83,0.07,0.04
1264,25.52,38.13,1001.28,100.14,86,0.07,0.05
1266,25.52,38.16,1001.25,100.38,86,0.07,0.05
1268,25.50,37.58,1001.24,100.48,83,0.07,0.04
1270,25.50,37.38,1001.26,100.30,98,0.08,0.05
1272,25.48,37.40,1001.27,100.23,80,0.06,0.04
1274,25.48,37.95,1001.27,100.24,94,0.08,0.05
1276,25.48,37.76,1001.27,100.23,87,0.07,0.05
1278,25.48,37.56,1001.27,100.20,90,0.07,0.05
1280,25.47,37.43,1001.27,100.22,89,0.07,0.05
1282,25.47,37.41,1001.27,100.20,85,0.07,0.05
1284,25.48,37.46,1001.30,99.95,96,0.08,0.05
1286,25.47,37.49,1001.26,100.30,86,0.07,0.05
1288,25.48,37.73,1001.29,100.04,86,0.07,0.05
1290,25.48,37.69,1001.27,100.24,91,0.07,0.05
1292,25.48,37.49,1001.26,100.31,89,0.07,0.05
1294,25.47,37.45,1001.30,100.01,90,0.07,0.05
1296,25.45,37.48,1001.28,100.13,86,0.07,0.05
1298,25.44,37.42,1001.30,100.01,79,0.06,0.04
1300,25.43,37.31,1001.29,100.03,88,0.07,0.05
1302,25.45,37.89,1001.30,100.00,86,0.07,0.05
1304,25.45,37.89,1001.28,100.13,84,0.07,0.04
1306,25.43,37.67,1001.28,100.14,85,0.07,0.05
1308,25.42,37.54,1001.30,99.95,85,0.07,0.05
1310,25.42,37.69,1001.27,100.24,83,0.07,0.04
1312,25.41,37.50,1001.29,100.07,83,0.07,0.04
1315,25.42,37.40,1001.31,99.89,85,0.07,0.05
1317,25.40,37.61,1001.32,99.77,81,0.07,0.04
1319,25.39,37.69,1001.32,99.81,87,0.07,0.05
1321,25.38,37.66,1001.33,99.74,80,0.06,0.04
1323,25.38,37.69,1001.33,99.75,92,0.07,0.05
1325,25.42,40.73,1001.34,99.62,97,0.08,0.05
1327,25.43,40.08,1001.33,99.68,93,0.07,0.05
1329,25.43,39.15,1001.32,99.78,89,0.07,0.05
1331,25.42,38.28,1001.32,99.80,93,0.07,0.05
1333,25.42,37.90,1001.32,99.83,89,0.07,0.05
1335,25.43,37.78,1001.35,99.55,99,0.08,0.06
1337,25.43,37.69,1001.32,99.77,90,0.07,0.05
1339,25.43,37.54,1001.33,99.70,94,0.08,0.05
1341,25.43,37.44,1001.33,99.70,94,0.08,0.05
1343,25.43,37.37,1001.31,99.91,90,0.07,0.05
1345,25.42,37.38,1001.34,99.65,89,0.07,0.05
1347,25.42,37.31,1001.33,99.75,83,0.07,0.04
1349,25.42,37.32,1001.33,99.73,97,0.08,0.05
1351,25.43,37.25,1001.34,99.66,89,0.07,0.05
1353,25.42,37.26,1001.32,99.76,89,0.07,0.05
1355,25.42,37.19,1001.32,99.78,91,0.07,0.05
1357,25.43,37.08,1001.34,99.64,96,0.08,0.05
1359,25.43,37.03,1001.31,99.92,91,0.07,0.05
1361,25.43,37.06,1001.33,99.68,87,0.07,0.05
1363,25.43,37.16,1001.34,99.63,91,0.07,0.05
1365,25.42,37.21,1001.32,99.82,86,0.07,0.05
1368,25.42,37.18,1001.33,99.71,86,0.07,0.05
1370,25.44,37.93,1001.36,99.50,101,0.08,0.06
1372,25.48,39.78,1001.34,99.73,100,0.08,0.06
1374,25.53,42.31,1001.37,99.57,120,0.10,0.07
1376,25.53,40.99,1001.33,99.65,153,0.12,0.10
1378,25.54,41.21,1001.35,99.54,197,0.16,0.13
1380,25.55,39.97,1001.35,99.59,193,0.16,0.13
1382,25.59,42.66,1001.33,99.68,205,0.17,0.14
1384,25.61,42.25,1001.35,99.57,193,0.16,0.13
1386,25.61,42.52,1001.34,99.67,191,0.15,0.13
1388,25.62,41.94,1001.35,99.52,194,0.16,0.13
1390,25.61,40.67,1001.35,99.59,194,0.16,0.13
1392,25.58,39.06,1001.35,99.54,193,0.16,0.13
1394,25.58,38.63,1001.35,99.55,192,0.15,0.13
1396,25.58,38.20,1001.36,99.49,181,0.15,0.12
1398,25.59,38.18,1001.38,99.32,189,0.15,0.13
1400,25.59,38.00,1001.37,99.37,187,0.15,0.13
1402,25.57,37.74,1001.36,99.50,176,0.14,0.12
1404,25.55,37.57,1001.34,99.65,185,0.15,0.12
1406,25.54,37.40,1001.38,99.28,186,0.15,0.12
1408,25.52,37.24,1001.35,99.54,183,0.15,0.12
1410,25.55,37.18,1001.35,99.55,178,0.14,0.12
1412,25.51,37.18,1001.33,99.72,175,0.14,0.12
1414,25.52,37.06,1001.35,99.54,176,0.14,0.12
1416,25.51,37.23,1001.37,99.42,191,0.15,0.13
1418,25.52,37.49,1001.34,99.64,178,0.14,0.12
1421,25.56,40.45,1001.32,99.78,176,0.14,0.12
1423,25.58,40.65,1001.37,99.38,178,0.14,0.12
1425,25.56,39.34,1001.36,99.50,181,0.15,0.12
1427,25.56,38.58,1001.35,99.52,178,0.14,0.12
1429,25.56,38.60,1001.33,99.68,186,0.15,0.12
1431,25.55,38.34,1001.34,99.63,176,0.14,0.12
1433,25.54,37.82,1001.35,99.54,176,0.14,0.12
1435,25.54,37.69,1001.37,99.40,178,0.14,0.12
1437,25.52,37.26,1001.34,99.65,176,0.14,0.12
1439,25.50,37.18,1001.34,99.61,178,0.14,0.12
1441,25.45,36.89,1001.35,99.59,179,0.14,0.12
1443,25.43,36.81,1001.35,99.53,176,0.14,0.12
1445,25.44,36.85,1001.32,99.80,178,0.14,0.12
1447,25.47,38.20,1001.33,99.72,180,0.15,0.12
1449,25.49,38.27,1001.37,99.37,176,0.14,0.12
1451,25.47,37.44,1001.35,99.53,176,0.14,0.12
1453,25.47,37.37,1001.37,99.42,176,0.14,0.12
1455,25.47,37.32,1001.36,99.44,176,0.14,0.12
1457,25.46,37.05,1001.33,99.68,159,0.13,0.10
1459,25.46,36.85,1001.33,99.70,169,0.14,0.11
1461,25.44,36.79,1001.33,99.72,177,0.14,0.12
1463,25.44,36.76,1001.35,99.57,176,0.14,0.12
1465,25.44,36.85,1001.34,99.67,173,0.14,0.11
1467,25.45,36.84,1001.32,99.81,174,0.14,0.11
1469,25.44,36.70,1001.33,99.69,171,0.14,0.11
1471,25.45,36.79,1001.34,99.62,180,0.15,0.12
1474,25.44,36.79,1001.34,99.66,176,0.14,0.12
1476,25.44,36.88,1001.35,99.51,176,0.14,0.12
1478,25.45,36.86,1001.33,99.75,178,0.14,0.12
1480,25.45,36.88,1001.32,99.82,176,0.14,0.12
1482,25.46,36.83,1001.33,99.69,175,0.14,0.12
1484,25.46,36.81,1001.31,99.88,174,0.14,0.11
1486,25.45,36.84,1001.34,99.66,174,0.14,0.11
1488,25.44,36.85,1001.32,99.80,174,0.14,0.11
1490,25.42,36.88,1001.30,99.95,176,0.14,0.12
1492,25.42,36.76,1001.29,100.05,148,0.12,0.09
1494,25.43,36.83,1001.30,99.93,175,0.14,0.12
1496,25.43,36.95,1001.31,99.86,174,0.14,0.11
1498,25.44,37.21,1001.32,99.81,178,0.14,0.12
1500,25.46,38.03,1001.33,99.75,178,0.14,0.12
1502,25.49,40.12,1001.35,99.57,179,0.14,0.12
1504,25.51,39.56,1001.33,99.69,180,0.15,0.12
1506,25.51,38.76,1001.36,99.48,177,0.14,0.12
1508,25.50,38.41,1001.30,99.93,178,0.14,0.12
1510,25.49,37.69,1001.31,99.91,186,0.15,0.12
1512,25.48,38.20,1001.31,99.90,185,0.15,0.12
1514,25.50,39.80,1001.31,99.91,182,0.15,0.12
1516,25.51,39.75,1001.29,100.08,180,0.15,0.12
1518,25.53,38.78,1001.33,99.71,179,0.14,0.12
1520,25.54,38.04,1001.32,99.84,177,0.14,0.12
1522,25.53,37.68,1001.31,99.87,181,0.15,0.12
1524,25.53,37.48,1001.32,99.81,179,0.14,0.12
1527,25.53,38.03,1001.31,99.85,178,0.14,0.12
1529,25.53,37.59,1001.32,99.78,179,0.14,0.12
1531,25.52,37.26,1001.32,99.81,181,0.15,0.12
1533,25.51,37.16,1001.32,99.80,181,0.15,0.12
1535,25.51,37.21,1001.30,99.94,179,0.14,0.12
1537,25.50,37.14,1001.30,99.94,174,0.14,0.11
1539,25.51,37.15,1001.35,99.53,186,0.15,0.12
1541,25.48,37.08,1001.30,99.98,178,0.14,0.12
1543,25.48,37.06,1001.32,99.80,179,0.14,0.12
1545,25.49,37.05,1001.32,99.79,176,0.14,0.12
1547,25.49,37.07,1001.30,99.99,181,0.15,0.12
1549,25.49,37.04,1001.34,99.60,176,0.14,0.12
1551,25.48,36.98,1001.31,99.85,173,0.14,0.11
1553,25.48,36.99,1001.35,99.59,185,0.15,0.12
1555,25.48,37.02,1001.33,99.75,179,0.14,0.12
1557,25.48,37.14,1001.32,99.82,176,0.14,0.12
1559,25.47,37.27,1001.32,99.79,179,0.14,0.12
1561,25.47,37.17,1001.31,99.88,179,0.14,0.12
1563,25.49,38.35,1001.31,99.91,188,0.15,0.13
1565,25.49,37.99,1001.34,99.60,189,0.15,0.13
1567,25.49,37.64,1001.33,99.71,176,0.14,0.12
1569,25.48,37.36,1001.34,99.67,186,0.15,0.12
1571,25.46,37.14,1001.32,99.81,179,0.14,0.12
1573,25.45,36.98,1001.32,99.84,181,0.15,0.12
1575,25.45,37.33,1001.30,99.95,178,0.14,0.12
1577,25.45,37.53,1001.33,99.74,181,0.15,0.12
1580,25.45,38.56,1001.31,99.87,177,0.14,0.12
1582,25.47,38.68,1001.33,99.72,181,0.15,0.12
1584,25.47,38.28,1001.32,99.77,182,0.15,0.12
1586,25.46,37.60,1001.30,99.93,180,0.15,0.12
1588,25.45,37.17,1001.33,99.74,176,0.14,0.12
1590,25.44,37.00,1001.33,99.71,178,0.14,0.12
1592,25.45,36.88,1001.33,99.73,176,0.14,0.12
1594,25.44,36.80,1001.33,99.68,176,0.14,0.12
1596,25.43,36.79,1001.31,99.87,176,0.14,0.12
1598,25.44,36.79,1001.33,99.74,177,0.14,0.12
1600,25.45,36.96,1001.32,99.80,177,0.14,0.12
1602,25.45,37.00,1001.34,99.63,174,0.14,0.11
1604,25.46,36.96,1001.35,99.59,176,0.14,0.12
1606,25.46,36.88,1001.34,99.64,176,0.14,0.12
1608,25.45,36.80,1001.33,99.72,182,0.15,0.12
1610,25.44,36.82,1001.33,99.70,175,0.14,0.12
1612,25.44,36.96,1001.34,99.60,166,0.13,0.11
1614,25.44,37.00,1001.32,99.78,176,0.14,0.12
1616,25.44,37.03,1001.32,99.82,176,0.14,0.12
1618,25.43,37.03,1001.32,99.80,175,0.14,0.12
1620,25.44,37.09,1001.34,99.62,178,0.14,0.12
1622,25.44,37.11,1001.35,99.58,174,0.14,0.11
1624,25.45,37.07,1001.33,99.73,175,0.14,0.12
1626,25.46,37.06,1001.33,99.71,176,0.14,0.12
1628,25.45,37.25,1001.34,99.61,172,0.14,0.11
1630,25.47,37.62,1001.36,99.49,176,0.14,0.12
1633,25.47,37.78,1001.37,99.36,176,0.14,0.12
1635,25.46,37.81,1001.35,99.56,175,0.14,0.12
1637,25.48,37.64,1001.36,99.44,176,0.14,0.12
1639,25.48,37.30,1001.35,99.54,176,0.14,0.12
1641,25.47,37.16,1001.31,99.86,177,0.14,0.12
1643,25.47,37.06,1001.34,99.61,176,0.14,0.12
1645,25.46,37.01,1001.35,99.56,176,0.14,0.12
1647,25.46,37.09,1001.33,99.69,177,0.14,0.12
1649,25.45,36.96,1001.34,99.62,174,0.14,0.11
1651,25.45,37.09,1001.33,99.75,174,0.14,0.11
1653,25.45,37.20,1001.37,99.40,173,0.14,0.11
1655,25.46,37.21,1001.35,99.55,175,0.14,0.12
1657,25.46,37.21,1001.40,99.17,177,0.14,0.12
1659,25.46,37.62,1001.35,99.53,177,0.14,0.12
1661,25.48,37.57,1001.37,99.42,174,0.14,0.11
1663,25.48,37.40,1001.34,99.63,176,0.14,0.12
1665,25.47,37.21,1001.32,99.76,171,0.14,0.11
1667,25.48,37.79,1001.35,99.58,176,0.14,0.12
1669,25.49,38.00,1001.34,99.64,182,0.15,0.12
1671,25.49,37.71,1001.33,99.72,176,0.14,0.12
1673,25.48,37.38,1001.34,99.60,175,0.14,0.12
1675,25.48,37.21,1001.34,99.60,174,0.14,0.11
1677,25.48,37.26,1001.32,99.83,174,0.14,0.11
1679,25.48,37.21,1001.32,99.76,173,0.14,0.11
1681,25.48,37.22,1001.31,99.91,181,0.15,0.12
1683,25.48,37.23,1001.34,99.63,176,0.14,0.12
1686,25.48,37.23,1001.33,99.71,177,0.14,0.12
1688,25.47,37.20,1001.32,99.76,176,0.14,0.12
1690,25.47,37.15,1001.33,99.75,175,0.14,0.12
1692,25.47,37.18,1001.33,99.72,174,0.14,0.11
1694,25.48,37.15,1001.33,99.70,175,0.14,0.12
1696,25.48,37.15,1001.35,99.54,175,0.14,0.12
1698,25.50,37.97,1001.35,99.54,176,0.14,0.12
1700,25.49,37.50,1001.33,99.75,173,0.14,0.11
1702,25.49,37.36,1001.33,99.73,180,0.15,0.12
1704,25.48,37.16,1001.32,99.83,176,0.14,0.12
1706,25.48,37.11,1001.35,99.53,173,0.14,0.11
1708,25.48,37.15,1001.33,99.69,176,0.14,0.12
1710,25.48,37.18,1001.34,99.65,175,0.14,0.12
1712,25.48,37.25,1001.33,99.73,172,0.14,0.11
1714,25.48,37.16,1001.30,99.97,176,0.14,0.12
1716,25.48,37.26,1001.33,99.71,176,0.14,0.12
1718,25.48,37.18,1001.32,99.82,177,0.14,0.12
1720,25.48,37.15,1001.33,99.72,176,0.14,0.12
1722,25.49,37.17,1001.32,99.79,175,0.14,0.12
1724,25.50,37.17,1001.30,99.95,176,0.14,0.12
1726,25.50,37.11,1001.32,99.82,186,0.15,0.12
1728,25.50,37.13,1001.31,99.92,176,0.14,0.12
1730,25.50,37.12,1001.29,100.02,181,0.15,0.12
1732,25.52,39.33,1001.31,99.86,182,0.15,0.12
1734,25.52,38.88,1001.29,100.06,183,0.15,0.12
1737,25.52,38.41,1001.31,99.85,185,0.15,0.12
1739,25.52,37.76,1001.32,99.84,178,0.14,0.12
1741,25.52,37.52,1001.32,99.84,169,0.14,0.11
1743,25.51,37.34,1001.30,100.00,172,0.14,0.11
1745,25.51,37.53,1001.32,99.81,173,0.14,0.11
1747,25.50,37.63,1001.30,99.98,171,0.14,0.11
1749,25.50,37.60,1001.30,99.99,170,0.14,0.11
1751,25.50,37.51,1001.33,99.71,176,0.14,0.12
1753,25.49,37.26,1001.34,99.65,175,0.14,0.12
1755,25.50,37.25,1001.32,99.83,170,0.14,0.11
1757,25.50,37.29,1001.27,100.18,176,0.14,0.12
1759,25.50,37.51,1001.32,99.78,176,0.14,0.12
1761,25.52,37.81,1001.32,99.81,179,0.14,0.12
1763,25.53,38.80,1001.30,99.95,178,0.14,0.12
1765,25.54,38.61,1001.29,100.05,178,0.14,0.12
1767,25.54,38.02,1001.34,99.65,176,0.14,0.12
1769,25.54,37.83,1001.31,99.88,177,0.14,0.12
1771,25.53,37.59,1001.31,99.92,173,0.14,0.11
1773,25.54,38.24,1001.33,99.69,176,0.14,0.12
1775,25.54,37.71,1001.31,99.88,174,0.14,0.11
1777,25.54,37.58,1001.30,99.99,174,0.14,0.11
1779,25.53,37.34,1001.31,99.91,173,0.14,0.11
1781,25.53,37.27,1001.30,99.99,172,0.14,0.11
1783,25.53,37.37,1001.33,99.72,169,0.14,0.11
1785,25.53,37.42,1001.32,99.83,173,0.14,0.11
1787,25.51,37.34,1001.30,99.98,166,0.13,0.11
1790,25.52,37.27,1001.34,99.66,165,0.13,0.11
1792,25.51,37.32,1001.28,100.08,167,0.13,0.11
1794,25.51,37.33,1001.32,99.77,169,0.14,0.11
1796,25.51,37.45,1001.35,99.55,173,0.14,0.11
1798,25.52,37.54,1001.33,99.71,174,0.14,0.11
1800,25.53,37.51,1001.35,99.55,168,0.14,0.11
1802,25.53,37.42,1001.32,99.77,174,0.14,0.11
1804,25.53,37.35,1001.31,99.92,169,0.14,0.11
1806,25.53,37.38,1001.32,99.83,179,0.14,0.12
1808,25.54,37.38,1001.39,99.25,170,0.14,0.11
1810,25.53,37.48,1001.35,99.54,168,0.14,0.11
1812,25.53,37.69,1001.36,99.45,166,0.13,0.11
1814,25.53,37.55,1001.36,99.44,165,0.13,0.11
1816,25.52,37.41,1001.36,99.45,166,0.13,0.11
1818,25.53,37.35,1001.40,99.15,169,0.14,0.11
1820,25.52,37.30,1001.37,99.34,158,0.13,0.10
1822,25.52,37.27,1001.38,99.32,174,0.14,0.11
1824,25.51,37.18,1001.37,99.37,176,0.14,0.12
1826,25.52,37.21,1001.41,99.05,169,0.14,0.11
1828,25.52,37.23,1001.34,99.63,171,0.14,0.11
1830,25.52,37.28,1001.35,99.54,169,0.14,0.11
1832,25.53,38.74,1001.36,99.43,176,0.14,0.12
1834,25.54,38.99,1001.39,99.25,173,0.14,0.11
1836,25.54,38.47,1001.35,99.52,173,0.14,0.11
1838,25.54,38.06,1001.35,99.52,170,0.14,0.11
1841,25.55,37.95,1001.34,99.65,175,0.14,0.12
1843,25.55,37.63,1001.37,99.40,176,0.14,0.12
1845,25.54,37.47,1001.40,99.17,180,0.15,0.12
1847,25.54,38.01,1001.38,99.33,162,0.13,0.10
1849,25.54,37.69,1001.36,99.47,176,0.14,0.12
1851,25.54,37.39,1001.35,99.51,175,0.14,0.12
1853,25.54,37.31,1001.39,99.18,176,0.14,0.12
1855,25.56,37.30,1001.37,99.38,174,0.14,0.11
1857,25.56,37.30,1001.37,99.36,176,0.14,0.12
1859,25.56,37.23,1001.40,99.14,175,0.14,0.12
1861,25.56,37.25,1001.37,99.35,165,0.13,0.11
1863,25.57,37.35,1001.38,99.28,172,0.14,0.11
1865,25.57,37.36,1001.40,99.16,177,0.14,0.12
1867,25.57,37.83,1001.37,99.39,173,0.14,0.11
1869,25.57,37.79,1001.40,99.11,176,0.14,0.12
1871,25.57,37.60,1001.43,98.88,171,0.14,0.11
1873,25.57,37.58,1001.38,99.28,171,0.14,0.11
1875,25.59,38.91,1001.39,99.19,176,0.14,0.12
1877,25.61,39.52,1001.37,99.35,176,0.14,0.12
1879,25.61,39.12,1001.36,99.43,176,0.14,0.12
1881,25.61,38.42,1001.40,99.17,176,0.14,0.12
1883,25.61,38.81,1001.39,99.24,173,0.14,0.11
1885,25.61,38.55,1001.40,99.11,182,0.15,0.12
1887,25.63,39.07,1001.39,99.23,178,0.14,0.12
1889,25.64,38.67,1001.38,99.29,173,0.14,0.11
1891,25.65,38.32,1001.41,99.06,176,0.14,0.12
1894,25.64,38.05,1001.42,98.95,176,0.14,0.12
1896,25.65,38.68,1001.42,98.96,176,0.14,0.12
1898,25.67,40.13,1001.43,98.88,176,0.14,0.12
1900,25.67,38.77,1001.40,99.09,172,0.14,0.11
1902,25.66,38.24,1001.43,98.87,172,0.14,0.11
1904,25.66,37.96,1001.40,99.19,176,0.14,0.12
1906,25.65,37.81,1001.41,99.02,172,0.14,0.11
1908,25.65,37.82,1001.42,99.00,176,0.14,0.12
1910,25.64,37.91,1001.41,99.08,176,0.14,0.12
1912,25.64,37.56,1001.42,98.96,176,0.14,0.12
1914,25.65,37.49,1001.42,98.96,174,0.14,0.11
1916,25.66,39.16,1001.42,98.96,175,0.14,0.12
1918,25.69,39.25,1001.44,98.80,176,0.14,0.12
1920,25.68,38.80,1001.42,98.98,175,0.14,0.12
1922,25.68,38.71,1001.43,98.87,179,0.14,0.12
1924,25.66,37.88,1001.41,99.05,176,0.14,0.12
1926,25.66,37.57,1001.39,99.18,175,0.14,0.12
1928,25.64,37.43,1001.40,99.15,176,0.14,0.12
1930,25.65,38.29,1001.40,99.10,170,0.14,0.11
1932,25.63,37.90,1001.42,98.99,180,0.15,0.12
1934,25.63,37.94,1001.40,99.16,172,0.14,0.11
1936,25.64,38.10,1001.40,99.12,176,0.14,0.12
1938,25.65,38.22,1001.41,99.07,175,0.14,0.12
1940,25.65,38.28,1001.41,99.05,177,0.14,0.12
1942,25.65,37.86,1001.41,99.06,176,0.14,0.12
1945,25.65,38.02,1001.38,99.26,179,0.14,0.12
1947,25.66,38.20,1001.42,98.98,181,0.15,0.12
1949,25.71,40.73,1001.41,99.02,176,0.14,0.12
1951,25.74,41.03,1001.42,98.95,177,0.14,0.12
1953,25.73,39.63,1001.39,99.23,178,0.14,0.12
1955,25.71,38.83,1001.43,98.89,180,0.15,0.12
1957,25.73,39.02,1001.41,99.02,180,0.15,0.12
1959,25.72,39.00,1001.38,99.26,182,0.15,0.12
1961,25.71,38.08,1001.40,99.14,178,0.14,0.12
1963,25.70,37.88,1001.38,99.33,194,0.16,0.13
1965,25.72,39.79,1001.42,98.94,180,0.15,0.12
1967,25.74,39.24,1001.39,99.20,176,0.14,0.12
1969,25.74,38.63,1001.39,99.26,180,0.15,0.12
1971,25.73,38.25,1001.37,99.38,177,0.14,0.12
1973,25.73,38.20,1001.42,99.00,176,0.14,0.12
1975,25.76,40.34,1001.39,99.21,181,0.15,0.12
1977,25.74,39.15,1001.37,99.39,176,0.14,0.12
1979,25.73,38.95,1001.39,99.25,177,0.14,0.12
1981,25.73,38.66,1001.41,99.05,182,0.15,0.12
1983,25.72,38.18,1001.40,99.09,178,0.14,0.12
1985,25.71,37.99,1001.40,99.16,178,0.14,0.12
1987,25.71,37.78,1001.39,99.19,178,0.14,0.12
1989,25.69,37.51,1001.38,99.34,176,0.14,0.12
1991,25.70,37.50,1001.41,99.03,176,0.14,0.12
1993,25.69,37.53,1001.37,99.34,176,0.14,0.12
1995,25.68,37.44,1001.40,99.14,177,0.14,0.12
1998,25.69,37.30,1001.41,99.02,177,0.14,0.12
2000,25.69,37.18,1001.44,98.82,174,0.14,0.11
2002,25.69,37.19,1001.40,98.97,176,0.14,0.12
2004,25.69,38.46,1001.43,98.90,176,0.14,0.12
2006,25.71,38.93,1001.41,99.02,195,0.16,0.13
2008,25.73,39.80,1001.46,98.60,180,0.15,0.12
2010,25.74,39.39,1001.43,98.91,181,0.15,0.12
2012,25.74,38.72,1001.44,98.79,180,0.15,0.12
2014,25.72,38.28,1001.40,99.13,179,0.14,0.12
2016,25.71,37.93,1001.43,98.89,181,0.15,0.12
2018,25.71,37.72,1001.42,99.00,182,0.15,0.12
2020,25.71,37.74,1001.45,98.75,177,0.14,0.12
2022,25.71,37.73,1001.43,98.85,176,0.14,0.12
2024,25.71,37.72,1001.42,98.98,176,0.14,0.12
2026,25.70,37.63,1001.42,98.99,176,0.14,0.12
2028,25.71,37.58,1001.42,98.93,158,0.13,0.10
2030,25.72,37.78,1001.42,98.99,176,0.14,0.12
2032,25.73,37.95,1001.43,98.91,175,0.14,0.12
2034,25.73,37.81,1001.41,99.04,172,0.14,0.11
2036,25.75,37.72,1001.43,98.87,176,0.14,0.12
2038,25.75,37.51,1001.41,99.05,175,0.14,0.12
2040,25.74,37.35,1001.42,98.96,172,0.14,0.11
2042,25.74,37.31,1001.43,98.85,176,0.14,0.12
2044,25.72,37.34,1001.43,98.88,173,0.14,0.11
2046,25.71,37.28,1001.45,98.71,176,0.14,0.12
2049,25.73,37.78,1001.47,98.57,176,0.14,0.12
2051,25.75,38.12,1001.48,98.42,167,0.13,0.11
2053,25.76,38.38,1001.47,98.53,176,0.14,0.12
2055,25.77,38.55,1001.47,98.55,176,0.14,0.12
2057,25.75,38.48,1001.49,98.37,181,0.15,0.12
2059,25.74,38.00,1001.47,98.51,176,0.14,0.12
2061,25.74,37.75,1001.46,98.63,174,0.14,0.11
2063,25.73,37.64,1001.46,98.64,176,0.14,0.12
2065,25.73,37.50,1001.45,98.68,173,0.14,0.11
2067,25.72,37.39,1001.47,98.54,173,0.14,0.11
2069,25.71,37.30,1001.45,98.72,176,0.14,0.12
2071,25.72,37.33,1001.48,98.46,170,0.14,0.11
2073,25.72,37.35,1001.45,98.68,175,0.14,0.12
2075,25.71,37.33,1001.44,98.75,176,0.14,0.12
2077,25.70,37.25,1001.45,98.69,174,0.14,0.11
2079,25.71,37.32,1001.47,98.55,172,0.14,0.11
2081,25.69,37.18,1001.48,98.47,176,0.14,0.12
2083,25.69,37.09,1001.50,98.29,176,0.14,0.12
2085,25.68,37.15,1001.46,98.59,158,0.13,0.10
2087,25.71,37.21,1001.49,98.36,173,0.14,0.11
2089,25.71,37.23,1001.47,98.54,173,0.14,0.11
2091,25.71,37.23,1001.48,98.46,175,0.14,0.12
2093,25.72,37.29,1001.43,98.84,175,0.14,0.12
2095,25.72,37.30,1001.45,98.72,171,0.14,0.11
2097,25.71,37.31,1001.45,98.69,173,0.14,0.11
2100,25.71,37.19,1001.46,98.65,172,0.14,0.11
2102,25.71,37.05,1001.46,98.63,174,0.14,0.11
2104,25.71,37.00,1001.48,98.47,167,0.13,0.11
2106,25.73,38.72,1001.45,98.70,176,0.14,0.12
2108,25.76,39.95,1001.48,98.45,176,0.14,0.12
2110,25.77,39.56,1001.46,98.63,179,0.14,0.12
2112,25.77,39.04,1001.50,98.31,178,0.14,0.12
2114,25.77,38.40,1001.47,98.55,176,0.14,0.12
2116,25.77,38.29,1001.48,98.43,180,0.15,0.12
2118,25.77,38.27,1001.44,98.76,174,0.14,0.11
2120,25.78,38.39,1001.46,98.66,177,0.14,0.12
2122,25.77,38.29,1001.47,98.51,176,0.14,0.12
2124,25.76,38.08,1001.47,98.52,178,0.14,0.12
2126,25.74,37.90,1001.45,98.72,176,0.14,0.12
2128,25.73,37.78,1001.46,98.64,176,0.14,0.12
2130,25.72,37.53,1001.45,98.70,176,0.14,0.12
2132,25.71,37.44,1001.47,98.54,173,0.14,0.11
2134,25.70,37.35,1001.50,98.33,171,0.14,0.11
2136,25.70,37.12,1001.46,98.65,173,0.14,0.11
2138,25.70,37.03,1001.49,98.36,165,0.13,0.11
2140,25.69,37.01,1001.47,98.52,173,0.14,0.11
2142,25.70,37.11,1001.48,98.49,176,0.14,0.12
2144,25.72,37.32,1001.44,98.79,171,0.14,0.11
2146,25.73,37.29,1001.51,98.19,176,0.14,0.12
2148,25.73,37.27,1001.48,98.43,164,0.13,0.11
2150,25.72,37.42,1001.46,98.68,171,0.14,0.11
2153,25.73,37.46,1001.46,98.64,174,0.14,0.11
2155,25.74,37.51,1001.48,98.48,174,0.14,0.11
2157,25.75,37.55,1001.42,98.93,174,0.14,0.11
2159,25.75,37.58,1001.44,98.83,169,0.14,0.11
2161,25.76,37.62,1001.44,98.76,173,0.14,0.11
2163,25.76,37.63,1001.43,98.87,181,0.15,0.12
2165,25.76,37.56,1001.43,98.91,177,0.14,0.12
2167,25.75,37.66,1001.43,98.85,178,0.14,0.12
2169,25.75,37.42,1001.47,98.50,161,0.13,0.10
2171,25.74,37.32,1001.46,98.65,176,0.14,0.12
2173,25.73,37.24,1001.46,98.63,175,0.14,0.12
2175,25.72,37.20,1001.47,98.51,162,0.13,0.10
2177,25.72,37.17,1001.46,98.64,187,0.15,0.13
2179,25.73,37.21,1001.46,98.65,173,0.14,0.11
2181,25.73,37.31,1001.45,98.69,175,0.14,0.12
2183,25.72,37.43,1001.44,98.83,170,0.14,0.11
2185,25.74,37.46,1001.40,99.14,176,0.14,0.12
2187,25.72,37.32,1001.41,99.03,173,0.14,0.11
2189,25.72,37.16,1001.43,98.91,172,0.14,0.11
2191,25.73,37.10,1001.42,98.96,176,0.14,0.12
2193,25.73,37.15,1001.41,99.08,176,0.14,0.12
2195,25.74,37.16,1001.38,99.32,173,0.14,0.11
2197,25.74,37.13,1001.35,99.53,175,0.14,0.12
2199,25.75,37.08,1001.38,99.26,173,0.14,0.11
2201,25.75,37.16,1001.38,99.26,170,0.14,0.11
2204,25.76,37.21,1001.37,99.42,176,0.14,0.12
2206,25.75,37.45,1001.37,99.41,178,0.14,0.12
2208,25.74,37.28,1001.35,99.53,176,0.14,0.12
2210,25.74,37.13,1001.36,99.43,178,0.14,0.12
2212,25.74,37.16,1001.35,99.51,181,0.15,0.12
2214,25.75,37.40,1001.36,99.50,176,0.14,0.12
2216,25.75,37.40,1001.35,99.53,176,0.14,0.12
2218,25.74,37.37,1001.34,99.67,176,0.14,0.12
2220,25.73,37.39,1001.38,99.28,176,0.14,0.12
2222,25.72,37.25,1001.35,99.56,174,0.14,0.11
2224,25.72,37.25,1001.35,99.57,176,0.14,0.12
2226,25.71,37.10,1001.34,99.62,176,0.14,0.12
2228,25.72,37.24,1001.37,99.41,175,0.14,0.12
2230,25.72,37.33,1001.33,99.73,176,0.14,0.12
2232,25.71,37.42,1001.33,99.70,176,0.14,0.12
2234,25.71,37.43,1001.34,99.64,174,0.14,0.11
2236,25.72,37.25,1001.34,99.62,176,0.14,0.12
2238,25.72,37.15,1001.35,99.55,173,0.14,0.11
2240,25.72,37.20,1001.33,99.69,170,0.14,0.11
2242,25.73,37.29,1001.35,99.55,170,0.14,0.11
2244,25.74,37.35,1001.33,99.68,176,0.14,0.12
2246,25.74,37.36,1001.34,99.61,174,0.14,0.11
2248,25.75,37.49,1001.34,99.60,174,0.14,0.11
2250,25.75,37.42,1001.34,99.64,175,0.14,0.12
2252,25.76,37.34,1001.34,99.60,176,0.14,0.12
2254,25.75,37.27,1001.34,99.61,178,0.14,0.12
2257,25.75,37.42,1001.34,99.67,176,0.14,0.12
2259,25.76,37.52,1001.35,99.56,175,0.14,0.12
2261,25.76,37.44,1001.35,99.59,175,0.14,0.12
2263,25.76,37.35,1001.35,99.56,178,0.14,0.12
2265,25.76,37.25,1001.34,99.63,173,0.14,0.11
2267,25.76,37.19,1001.35,99.54,176,0.14,0.12
2269,25.77,38.26,1001.35,99.57,177,0.14,0.12
2271,25.78,38.70,1001.37,99.40,176,0.14,0.12
2273,25.77,38.04,1001.36,99.50,177,0.14,0.12
2275,25.76,37.75,1001.34,99.66,176,0.14,0.12
2277,25.76,38.46,1001.34,99.62,183,0.15,0.12
2279,25.77,38.35,1001.36,99.47,178,0.14,0.12
2281,25.78,38.05,1001.37,99.40,176,0.14,0.12
2283,25.77,37.73,1001.35,99.55,176,0.14,0.12
2285,25.76,37.44,1001.37,99.40,181,0.15,0.12
2287,25.76,37.36,1001.36,99.50,178,0.14,0.12
2289,25.75,37.59,1001.38,99.34,181,0.15,0.12
2291,25.75,37.56,1001.37,99.35,179,0.14,0.12
2293,25.73,37.45,1001.35,99.57,177,0.14,0.12
2295,25.72,37.39,1001.39,99.18,179,0.14,0.12
2297,25.71,37.37,1001.38,99.28,179,0.14,0.12
2299,25.70,37.26,1001.40,99.11,179,0.14,0.12
2301,25.69,37.30,1001.36,99.47,176,0.14,0.12
2303,25.69,37.27,1001.42,98.99,178,0.14,0.12
2305,25.69,37.30,1001.39,99.20,178,0.14,0.12
2308,25.68,37.37,1001.38,99.29,178,0.14,0.12
2310,25.69,38.02,1001.42,98.99,177,0.14,0.12
2312,25.71,38.74,1001.37,99.36,178,0.14,0.12
2314,25.73,38.38,1001.39,99.21,187,0.15,0.13
2316,25.71,37.94,1001.41,99.03,180,0.15,0.12
2318,25.71,37.76,1001.41,99.08,178,0.14,0.12
2320,25.73,37.65,1001.41,99.06,178,0.14,0.12
2322,25.74,38.62,1001.42,98.99,181,0.15,0.12
2324,25.76,39.77,1001.41,99.02,187,0.15,0.13
2326,25.75,38.48,1001.45,98.74,186,0.15,0.12
2328,25.73,37.85,1001.40,99.13,182,0.15,0.12
2330,25.72,37.65,1001.42,98.93,185,0.15,0.12
2332,25.71,37.67,1001.47,98.55,180,0.15,0.12
2334,25.71,37.59,1001.47,98.52,182,0.15,0.12
2336,25.73,39.25,1001.52,98.08,186,0.15,0.12
2338,25.71,38.64,1001.45,98.72,183,0.15,0.12
2340,25.72,38.95,1001.45,98.68,183,0.15,0.12
2342,25.70,38.28,1001.42,98.99,180,0.15,0.12
2344,25.70,37.88,1001.46,98.65,182,0.15,0.12
2346,25.70,37.71,1001.44,98.78,179,0.14,0.12
2348,25.70,37.59,1001.43,98.87,180,0.15,0.12
2350,25.69,37.54,1001.40,99.11,180,0.15,0.12
2352,25.71,38.89,1001.43,98.84,180,0.15,0.12
2354,25.71,38.92,1001.43,98.90,183,0.15,0.12
2356,25.71,38.17,1001.44,98.78,185,0.15,0.12
2358,25.70,37.82,1001.41,99.06,188,0.15,0.13
2361,25.70,37.76,1001.43,98.89,183,0.15,0.12
2363,25.69,37.74,1001.45,98.74,187,0.15,0.13
2365,25.70,37.79,1001.44,98.82,180,0.15,0.12
2367,25.70,37.67,1001.44,98.76,181,0.15,0.12
2369,25.69,37.62,1001.43,98.92,180,0.15,0.12
2371,25.68,37.61,1001.41,99.08,182,0.15,0.12
2373,25.68,37.63,1001.43,98.91,178,0.14,0.12
2375,25.68,37.65,1001.42,98.97,185,0.15,0.12
2377,25.67,37.52,1001.43,98.86,186,0.15,0.12
2379,25.66,37.52,1001.38,99.27,185,0.15,0.12
2381,25.65,37.45,1001.37,99.37,184,0.15,0.12
2383,25.67,37.59,1001.44,98.76,182,0.15,0.12
2385,25.65,37.57,1001.42,98.95,177,0.14,0.12
2387,25.66,37.33,1001.45,98.69,182,0.15,0.12
2389,25.65,37.40,1001.43,98.85,178,0.14,0.12
2391,25.65,37.47,1001.43,98.86,179,0.14,0.12
2393,25.65,37.53,1001.43,98.84,178,0.14,0.12
2395,25.64,37.45,1001.44,98.78,176,0.14,0.12
2397,25.64,37.56,1001.44,98.79,182,0.15,0.12
2399,25.64,37.63,1001.43,98.86,178,0.14,0.12
2401,25.64,37.71,1001.44,98.83,178,0.14,0.12
2403,25.64,37.68,1001.39,99.25,178,0.14,0.12
2405,25.65,37.62,1001.44,98.76,179,0.14,0.12
2407,25.66,37.97,1001.43,98.84,176,0.14,0.12
2409,25.66,38.00,1001.41,99.01,179,0.14,0.12
2411,25.66,37.87,1001.41,99.05,179,0.14,0.12
2414,25.67,37.79,1001.39,99.22,183,0.15,0.12
2416,25.66,37.59,1001.40,99.10,176,0.14,0.12
2418,25.67,37.52,1001.39,99.18,179,0.14,0.12
2420,25.67,37.55,1001.41,99.02,178,0.14,0.12
2422,25.66,37.56,1001.40,99.11,171,0.14,0.11
2424,25.66,37.53,1001.39,99.18,173,0.14,0.11
2426,25.67,37.55,1001.38,99.29,170,0.14,0.11
2428,25.69,37.74,1001.37,99.39,169,0.14,0.11
2430,25.70,37.89,1001.38,99.29,171,0.14,0.11
2432,25.72,37.88,1001.40,99.14,182,0.15,0.12
2434,25.72,37.80,1001.37,99.38,188,0.15,0.13
2436,25.72,37.56,1001.36,99.50,185,0.15,0.12
2438,25.73,37.52,1001.36,99.45,181,0.15,0.12
2440,25.74,37.63,1001.38,99.27,187,0.15,0.13
2442,25.74,37.53,1001.37,99.34,183,0.15,0.12
2444,25.73,37.44,1001.39,99.25,181,0.15,0.12
2446,25.73,37.48,1001.38,99.29,180,0.15,0.12
2448,25.73,37.48,1001.38,99.29,179,0.14,0.12
2450,25.73,37.47,1001.38,99.32,182,0.15,0.12
2452,25.73,37.50,1001.40,99.10,179,0.14,0.12
2454,25.74,37.45,1001.34,99.60,179,0.14,0.12
2456,25.74,37.51,1001.38,99.32,180,0.15,0.12
2458,25.74,37.55,1001.38,99.33,182,0.15,0.12
2460,25.75,37.55,1001.37,99.39,182,0.15,0.12
2462,25.74,37.49,1001.40,99.10,182,0.15,0.12
2465,25.74,37.38,1001.36,99.45,181,0.15,0.12
2467,25.73,37.37,1001.38,99.31,180,0.15,0.12
2469,25.73,37.37,1001.39,99.25,180,0.15,0.12
2471,25.73,37.38,1001.33,99.71,183,0.15,0.12
2473,25.73,37.36,1001.35,99.56,179,0.14,0.12
2475,25.73,37.29,1001.37,99.39,181,0.15,0.12
2477,25.73,37.25,1001.38,99.32,187,0.15,0.13
2479,25.74,37.37,1001.38,99.32,180,0.15,0.12
2481,25.74,37.43,1001.35,99.51,183,0.15,0.12
2483,25.74,37.33,1001.37,99.35,187,0.15,0.13
2485,25.74,37.28,1001.38,99.28,177,0.14,0.12
2487,25.74,37.23,1001.38,99.31,180,0.15,0.12
2489,25.75,37.28,1001.37,99.37,181,0.15,0.12
2491,25.76,37.21,1001.38,99.29,182,0.15,0.12
2493,25.76,37.18,1001.36,99.48,177,0.14,0.12
2495,25.76,37.27,1001.35,99.51,180,0.15,0.12
2497,25.76,37.32,1001.35,99.55,180,0.15,0.12
2499,25.74,37.27,1001.36,99.50,178,0.14,0.12
2501,25.73,37.46,1001.33,99.69,181,0.15,0.12
2503,25.74,38.03,1001.35,99.53,177,0.14,0.12
2505,25.74,38.06,1001.36,99.46,182,0.15,0.12
2507,25.74,37.86,1001.31,99.88,177,0.14,0.12
2509,25.76,37.77,1001.35,99.53,178,0.14,0.12
2511,25.75,37.65,1001.34,99.67,180,0.15,0.12
2513,25.76,37.56,1001.35,99.57,179,0.14,0.12
2515,25.79,38.82,1001.35,99.54,187,0.15,0.13
2518,25.84,39.04,1001.36,99.43,180,0.15,0.12
2520,25.86,38.64,1001.37,99.38,180,0.15,0.12
2522,25.88,38.92,1001.37,99.36,179,0.14,0.12
2524,25.89,39.01,1001.37,99.37,181,0.15,0.12
2526,25.90,38.91,1001.36,99.49,181,0.15,0.12
2528,25.90,38.43,1001.33,99.75,183,0.15,0.12
2530,25.90,38.21,1001.36,99.59,179,0.14,0.12
2532,25.90,37.86,1001.35,99.51,186,0.15,0.12
2534,25.88,37.59,1001.34,99.59,181,0.15,0.12
2536,25.85,37.63,1001.37,99.41,186,0.15,0.12
2538,25.84,37.64,1001.34,99.66,186,0.15,0.12
2540,25.84,37.68,1001.34,99.61,183,0.15,0.12
2542,25.84,37.59,1001.34,99.60,180,0.15,0.12
2544,25.83,37.50,1001.35,99.54,182,0.15,0.12
2546,25.83,37.46,1001.35,99.55,182,0.15,0.12
2548,25.84,37.71,1001.37,99.38,179,0.14,0.12
2550,25.83,37.59,1001.33,99.72,183,0.15,0.12
2552,25.84,37.95,1001.34,99.61,178,0.14,0.12
2554,25.82,37.60,1001.35,99.56,179,0.14,0.12
2556,25.82,37.44,1001.36,99.50,176,0.14,0.12
2558,25.81,37.56,1001.34,99.62,180,0.15,0.12
2560,25.80,37.28,1001.33,99.70,183,0.15,0.12
2562,25.80,37.19,1001.34,99.66,186,0.15,0.12
2564,25.80,37.27,1001.36,99.48,181,0.15,0.12
2566,25.80,37.13,1001.35,99.54,176,0.14,0.12
2569,25.81,37.10,1001.34,99.62,176,0.14,0.12
2571,25.80,37.09,1001.36,99.47,173,0.14,0.11
2573,25.81,37.08,1001.35,99.53,176,0.14,0.12
2575,25.83,37.03,1001.38,99.31,177,0.14,0.12
2577,25.82,36.90,1001.35,99.56,176,0.14,0.12
2579,25.82,36.82,1001.33,99.72,178,0.14,0.12
2581,25.83,37.05,1001.36,99.46,176,0.14,0.12
2583,25.84,37.22,1001.37,99.41,176,0.14,0.12
2585,25.85,37.14,1001.37,99.39,174,0.14,0.11
2587,25.85,37.09,1001.36,99.48,177,0.14,0.12
2589,25.86,37.24,1001.37,99.37,175,0.14,0.12
2591,25.88,37.27,1001.39,99.24,176,0.14,0.12
2593,25.86,36.95,1001.37,99.42,176,0.14,0.12
2595,25.86,36.94,1001.35,99.53,176,0.14,0.12
2597,25.87,37.66,1001.38,99.30,177,0.14,0.12
2599,25.88,38.12,1001.37,99.40,176,0.14,0.12
2601,25.88,37.77,1001.40,99.12,177,0.14,0.12
2603,25.88,37.45,1001.39,99.25,176,0.14,0.12
2605,25.88,37.29,1001.36,99.46,176,0.14,0.12
2607,25.89,37.35,1001.34,99.64,176,0.14,0.12
2609,25.89,37.49,1001.35,99.57,177,0.14,0.12
2611,25.89,37.42,1001.33,99.69,177,0.14,0.12
2613,25.90,37.61,1001.36,99.47,178,0.14,0.12
2615,25.91,37.74,1001.31,99.86,175,0.14,0.12
2617,25.92,37.54,1001.37,99.41,176,0.14,0.12
2619,25.92,37.48,1001.34,99.67,176,0.14,0.12
2622,25.92,37.53,1001.37,99.42,177,0.14,0.12
2624,25.93,37.54,1001.35,99.58,176,0.14,0.12
2626,25.93,37.45,1001.35,99.52,176,0.14,0.12
2628,25.94,37.47,1001.35,99.56,177,0.14,0.12
2630,25.93,37.67,1001.36,99.48,177,0.14,0.12
2632,25.94,37.83,1001.31,99.91,176,0.14,0.12
2634,25.96,37.69,1001.35,99.54,176,0.14,0.12
2636,25.96,37.55,1001.35,99.58,176,0.14,0.12
2638,25.98,37.66,1001.31,99.88,157,0.13,0.10
2640,25.99,38.52,1001.33,99.74,279,0.22,0.21
2642,25.98,37.65,1001.34,99.60,267,0.22,0.20
2644,26.01,41.03,1001.33,99.70,259,0.21,0.19
0,24.22,47.00,1001.09,101.76,149,0.12,0.09
2,24.26,50.17,1001.09,101.77,163,0.13,0.11
4,24.27,46.41,1001.11,101.57,158,0.13,0.10
6,24.28,44.22,1001.12,101.45,151,0.12,0.10
8,24.39,45.63,1001.15,101.22,131,0.11,0.08
10,25.39,55.83,1001.20,100.82,144,0.12,0.09
12,25.22,45.25,1001.13,101.43,144,0.12,0.09
14,25.58,42.28,1001.13,101.44,143,0.12,0.09
16,25.89,40.46,1001.17,101.03,144,0.12,0.09
18,26.21,39.47,1001.18,101.00,137,0.11,0.08
20,26.50,39.17,1001.17,101.08,144,0.12,0.09
22,26.80,38.29,1001.18,100.98,144,0.12,0.09
0,26.92,6.23,1000.89,103.44,107,0.09,0.06
2,26.88,6.28,1000.95,102.94,112,0.09,0.06
4,26.86,6.31,1000.97,102.79,108,0.09,0.06
0,26.03,10.93,1001.04,102.17,123,0.10,0.07
2,26.02,9.41,1001.04,102.15,158,0.13,0.10
4,26.01,9.02,1001.00,102.46,293,0.24,0.23
6,25.99,8.44,1000.99,102.57,304,0.24,0.24
8,26.44,8.47,1000.99,102.58,307,0.25,0.24
10,26.86,7.97,1001.00,102.51,303,0.24,0.24
12,27.14,7.24,1000.95,102.92,304,0.24,0.24
14,27.38,6.84,1000.92,103.20,302,0.24,0.24
16,27.59,6.52,1000.97,102.73,303,0.24,0.24
18,27.80,6.27,1000.93,103.05,304,0.24,0.24
20,27.98,5.89,1000.96,102.79,303,0.24,0.24
22,28.20,5.54,1000.96,102.79,304,0.24,0.24
24,28.43,5.34,1000.96,102.81,304,0.24,0.24
26,28.61,5.22,1000.96,102.85,304,0.24,0.24
28,28.80,5.06,1000.96,102.86,304,0.24,0.24
30,28.99,4.93,1000.99,102.57,305,0.25,0.24
32,29.21,4.93,1000.96,102.80,304,0.24,0.24
34,29.49,4.77,1000.96,103.03,302,0.24,0.24
36,29.71,4.51,1001.01,102.40,307,0.25,0.24
38,29.90,4.32,1000.98,102.66,303,0.24,0.24
40,30.08,4.13,1001.02,102.30,304,0.24,0.24
42,30.26,4.04,1000.98,102.65,306,0.25,0.24
44,30.43,3.90,1000.99,102.58,305,0.25,0.24
46,30.63,3.88,1000.99,102.60,304,0.24,0.24
48,30.94,3.66,1001.01,102.44,304,0.24,0.24
51,31.12,3.16,1001.00,102.45,310,0.25,0.25
53,31.22,3.37,1001.01,102.41,307,0.25,0.24
55,31.44,3.26,1000.94,103.03,307,0.25,0.24
57,31.62,2.99,1000.92,103.21,305,0.25,0.24
59,31.74,2.98,1000.91,103.21,305,0.25,0.24
61,31.89,2.87,1000.93,103.06,305,0.25,0.24
63,32.03,2.69,1000.97,102.79,309,0.25,0.25
65,32.22,2.57,1000.96,102.82,314,0.25,0.25
67,32.38,2.43,1000.95,102.88,302,0.24,0.24
69,32.46,2.34,1000.95,102.93,304,0.24,0.24
71,32.52,2.26,1000.94,102.97,317,0.26,0.25
73,32.53,2.25,1000.95,102.88,309,0.25,0.25
75,32.56,2.15,1000.94,103.04,306,0.25,0.24
77,32.53,2.17,1000.95,102.90,304,0.24,0.24
79,32.57,2.14,1000.97,102.73,289,0.23,0.22
81,32.69,2.04,1000.95,102.91,303,0.24,0.24
83,32.78,1.90,1000.96,102.87,306,0.25,0.24
85,32.86,1.84,1000.95,102.87,307,0.25,0.24
87,33.00,1.79,1000.94,102.99,310,0.25,0.25
89,33.21,1.77,1000.95,102.95,306,0.25,0.24
91,33.35,1.59,1000.91,103.23,305,0.25,0.24
93,33.47,1.43,1000.98,102.65,315,0.25,0.25
95,33.58,1.30,1000.98,102.64,304,0.24,0.24
97,33.71,1.23,1000.93,103.07,304,0.24,0.24
99,33.79,1.25,1000.95,102.89,314,0.25,0.25
101,33.92,1.20,1000.94,102.99,306,0.25,0.24
104,34.11,1.11,1000.98,102.67,305,0.25,0.24
106,34.24,1.01,1000.95,102.88,304,0.24,0.24
108,34.22,1.29,1000.97,102.76,309,0.25,0.25
110,33.80,1.52,1000.95,102.93,308,0.25,0.24
112,33.49,1.44,1000.98,102.70,304,0.24,0.24
114,33.15,1.50,1000.96,102.82,306,0.25,0.24
116,32.87,1.60,1000.95,102.93,305,0.25,0.24
118,32.60,1.71,1000.98,102.65,305,0.25,0.24
120,32.40,1.82,1000.99,102.57,308,0.25,0.24
122,32.24,1.83,1000.94,102.98,309,0.25,0.25
124,32.10,2.06,1000.96,102.81,304,0.24,0.24
126,31.98,2.15,1000.96,102.82,298,0.24,0.23
128,31.84,2.31,1000.95,102.91,304,0.24,0.24
130,31.72,2.48,1000.93,103.06,307,0.25,0.24
132,31.59,2.54,1000.92,103.16,307,0.25,0.24
134,31.47,2.48,1000.92,103.14,311,0.25,0.25
136,31.32,2.33,1000.99,102.57,310,0.25,0.25
138,31.23,2.49,1000.98,102.64,309,0.25,0.25
140,31.09,2.56,1000.96,102.81,304,0.24,0.24
142,30.97,2.75,1000.96,102.82,309,0.25,0.25
144,30.92,2.77,1000.97,102.72,305,0.25,0.24
146,30.83,2.83,1000.97,102.73,305,0.25,0.24
148,30.75,2.85,1000.99,102.61,305,0.25,0.24
150,30.66,2.90,1000.99,102.60,306,0.25,0.24
152,30.65,2.88,1001.00,102.50,304,0.24,0.24
154,30.56,2.85,1001.00,102.52,304,0.24,0.24
157,30.55,3.00,1000.95,102.95,295,0.24,0.23
159,30.57,3.04,1000.99,102.58,306,0.25,0.24
161,30.51,3.00,1000.97,102.73,315,0.25,0.25
163,30.41,3.07,1000.99,102.61,306,0.25,0.24
165,30.34,3.04,1001.01,102.42,304,0.24,0.24
167,30.23,3.15,1001.00,102.49,299,0.24,0.23
169,30.17,3.20,1000.99,102.56,303,0.24,0.24
171,30.14,3.26,1001.02,102.36,306,0.25,0.24
173,30.36,4.08,1001.00,102.51,290,0.23,0.23
175,30.98,3.96,1001.01,102.44,295,0.24,0.23
177,31.65,3.57,1000.96,102.83,287,0.23,0.22
179,32.23,2.72,1000.97,102.74,285,0.23,0.22
181,32.75,2.24,1001.00,102.47,293,0.24,0.23
183,33.25,1.94,1001.00,102.53,288,0.23,0.22
185,33.67,1.75,1000.98,102.69,286,0.23,0.22
187,34.01,1.60,1000.99,102.54,288,0.23,0.22
189,34.24,1.44,1000.99,102.61,288,0.23,0.22
191,34.41,1.40,1001.01,102.40,289,0.23,0.22
193,34.61,1.18,1001.05,102.07,288,0.23,0.22
195,34.86,1.01,1001.05,102.06,283,0.23,0.22
197,35.15,0.87,1001.11,101.58,288,0.23,0.22
199,35.44,0.69,1001.06,102.00,286,0.23,0.22
201,35.72,0.51,1001.08,101.78,283,0.23,0.22
203,36.03,0.41,1001.05,102.07,280,0.23,0.21
205,36.31,0.24,1001.02,102.30,279,0.22,0.21
208,36.64,0.11,1001.04,102.14,282,0.23,0.22
210,36.89,0.00,1001.06,101.97,281,0.23,0.22
212,37.23,-0.12,1001.09,101.73,281,0.23,0.22
214,37.55,-0.29,1001.05,102.09,283,0.23,0.22
216,37.86,-0.42,1001.05,102.04,278,0.22,0.21
218,38.14,-0.52,1001.07,101.86,284,0.23,0.22
220,38.41,-0.54,1001.04,102.13,283,0.23,0.22
222,38.64,-0.70,1001.09,101.75,279,0.22,0.21
224,38.86,-1.02,1001.08,101.83,283,0.23,0.22
226,39.12,-1.28,1001.09,101.75,285,0.23,0.22
228,39.46,-1.33,1001.13,101.38,273,0.22,0.21
230,39.68,-1.44,1001.14,101.35,278,0.22,0.21
232,40.04,-1.53,1001.12,101.51,278,0.22,0.21
234,40.30,-1.60,1001.11,101.56,279,0.22,0.21
236,40.57,-1.59,1001.08,101.83,277,0.22,0.21
238,40.84,-1.70,1001.06,101.99,276,0.22,0.21
240,41.07,-1.82,1001.10,101.62,276,0.22,0.21
242,41.33,-1.87,1001.11,101.60,279,0.22,0.21
244,41.68,-1.99,1001.12,101.50,275,0.22,0.21
246,41.95,-2.15,1001.11,101.56,286,0.23,0.22
248,42.13,-2.32,1001.13,101.40,267,0.22,0.20
250,42.37,-2.39,1001.11,101.75,275,0.22,0.21
252,42.53,-2.46,1001.11,101.60,272,0.22,0.21
254,42.69,-2.48,1001.13,101.39,272,0.22,0.21
256,42.75,-2.40,1001.10,101.61,270,0.22,0.20
258,42.84,-2.46,1001.11,101.53,273,0.22,0.21
261,42.95,-2.53,1001.12,101.48,265,0.21,0.20
263,43.11,-2.62,1001.13,101.46,271,0.22,0.21
265,43.24,-2.67,1001.13,101.42,271,0.22,0.21
267,43.40,-2.72,1001.14,101.33,275,0.22,0.21
269,43.59,-2.83,1001.14,101.35,272,0.22,0.21
271,43.91,-3.03,1001.18,100.95,271,0.22,0.21
273,44.33,-3.17,1001.25,100.39,272,0.22,0.21
275,44.71,-3.16,1001.13,101.37,272,0.22,0.21
277,44.97,-3.15,1001.18,101.02,278,0.22,0.21
279,45.15,-3.33,1001.17,101.06,267,0.22,0.20
281,45.46,-3.44,1001.14,101.32,271,0.22,0.21
283,45.91,-3.87,1001.13,101.42,270,0.22,0.20
285,46.18,-4.18,1001.14,101.30,259,0.21,0.19
287,46.47,-4.11,1001.16,101.17,263,0.21,0.20
289,46.69,-4.25,1001.13,101.38,262,0.21,0.20
291,47.07,-4.39,1001.16,101.15,260,0.21,0.19
293,47.39,-4.50,1001.18,100.99,259,0.21,0.19
295,47.76,-4.61,1001.17,101.03,259,0.21,0.19
297,47.95,-4.70,1001.17,101.09,263,0.21,0.20
299,48.35,-4.75,1001.20,100.82,259,0.21,0.19
301,48.56,-4.86,1001.24,100.47,269,0.22,0.20
303,48.84,-4.97,1001.21,100.89,265,0.21,0.20
305,49.22,-5.05,1001.20,100.80,265,0.21,0.20
307,49.61,-5.14,1001.22,100.64,256,0.21,0.19
309,49.96,-5.19,1001.21,100.76,261,0.21,0.20
311,50.28,-5.27,1001.21,100.71,255,0.21,0.19
314,50.13,-5.33,1001.18,100.98,260,0.21,0.19
316,50.11,-5.22,1001.23,100.52,255,0.21,0.19
318,50.18,-5.17,1001.20,100.82,256,0.21,0.19
320,50.15,-5.35,1001.20,100.79,255,0.21,0.19
322,50.16,-5.39,1001.21,100.72,253,0.20,0.19
324,49.77,-5.33,1001.23,100.57,257,0.21,0.19
326,50.17,-5.30,1001.22,100.65,256,0.21,0.19
328,50.47,-5.25,1001.24,100.44,256,0.21,0.19
330,50.65,-5.39,1001.25,100.35,257,0.21,0.19
332,50.94,-5.47,1001.24,100.48,260,0.21,0.19
334,51.37,-5.53,1001.24,100.48,256,0.21,0.19
336,51.90,-5.60,1001.26,100.30,253,0.20,0.19
338,52.00,-5.67,1001.26,100.27,267,0.22,0.20
340,52.32,-5.69,1001.22,100.64,256,0.21,0.19
342,52.76,-5.79,1001.26,100.32,256,0.21,0.19
344,53.18,-5.90,1001.30,99.94,247,0.20,0.18
346,53.54,-5.98,1001.31,99.85,252,0.20,0.19
348,53.88,-6.04,1001.27,100.24,252,0.20,0.19
350,54.09,-6.12,1001.32,99.84,249,0.20,0.18
352,54.25,-6.17,1001.31,99.90,256,0.21,0.19
354,54.30,-6.14,1001.31,99.88,254,0.20,0.19
356,54.55,-6.18,1001.32,99.83,247,0.20,0.18
358,54.71,-6.22,1001.31,99.90,253,0.20,0.19
360,55.01,-6.25,1001.33,99.72,257,0.21,0.19
362,55.05,-6.31,1001.31,99.88,253,0.20,0.19
364,55.12,-6.33,1001.28,100.10,249,0.20,0.18
367,54.92,-6.35,1001.30,99.96,256,0.21,0.19
369,54.97,-6.15,1001.28,100.16,250,0.20,0.18
371,54.89,-6.14,1001.32,99.78,256,0.21,0.19
373,54.79,-6.19,1001.34,99.64,255,0.21,0.19
375,55.05,-6.21,1001.30,99.93,253,0.20,0.19
377,55.40,-6.34,1001.32,99.80,247,0.20,0.18
379,55.35,-6.38,1001.28,100.12,251,0.20,0.19
381,55.07,-6.34,1001.28,100.12,251,0.20,0.19
383,54.93,-6.25,1001.33,99.76,253,0.20,0.19
385,54.96,-6.20,1001.31,99.89,247,0.20,0.18
387,55.17,-6.21,1001.35,99.52,247,0.20,0.18
389,55.17,-6.23,1001.31,99.89,247,0.20,0.18
391,55.10,-6.20,1001.34,99.62,259,0.21,0.19
393,55.25,-6.26,1001.30,99.96,251,0.20,0.19
395,55.57,-6.33,1001.32,99.84,257,0.21,0.19
397,55.80,-6.38,1001.36,99.48,249,0.20,0.18
399,56.07,-6.47,1001.41,99.06,251,0.20,0.19
401,56.09,-6.48,1001.40,99.13,254,0.20,0.19
403,56.46,-6.51,1001.35,99.57,251,0.20,0.19
405,56.32,-6.58,1001.38,99.33,254,0.20,0.19
407,56.47,-6.58,1001.38,99.28,251,0.20,0.19
409,56.65,-6.59,1001.38,99.31,253,0.20,0.19
411,56.86,-6.63,1001.40,99.13,252,0.20,0.19
413,56.93,-6.66,1001.42,98.96,254,0.20,0.19
415,57.06,-6.67,1001.35,99.54,251,0.20,0.19
417,57.36,-6.72,1001.42,98.95,249,0.20,0.18
420,57.48,-6.74,1001.39,99.25,243,0.20,0.18
422,57.53,-6.73,1001.40,99.14,251,0.20,0.19
424,57.49,-6.72,1001.40,99.14,244,0.20,0.18
426,57.65,-6.73,1001.40,99.14,242,0.20,0.18
428,57.87,-6.77,1001.40,99.11,254,0.20,0.19
430,57.88,-6.78,1001.40,99.15,247,0.20,0.18
432,58.17,-6.82,1001.43,98.89,246,0.20,0.18
434,58.33,-6.83,1001.43,98.86,251,0.20,0.19
436,58.39,-6.84,1001.45,98.69,252,0.20,0.19
438,58.48,-6.86,1001.48,98.47,251,0.20,0.19
440,58.89,-6.84,1001.44,98.81,256,0.21,0.19
442,58.48,-6.80,1001.50,98.31,251,0.20,0.19
444,58.41,-6.79,1001.47,98.57,253,0.20,0.19
446,58.44,-6.84,1001.49,98.35,247,0.20,0.18
448,58.07,-6.77,1001.53,98.07,250,0.20,0.18
450,58.18,-6.75,1001.56,97.79,253,0.20,0.19
452,57.78,-6.77,1001.44,98.83,250,0.20,0.18
454,57.80,-6.76,1001.43,98.92,251,0.20,0.19
456,57.90,-6.77,1001.39,99.20,251,0.20,0.19
458,58.28,-6.81,1001.47,98.57,242,0.20,0.18
460,58.17,-6.85,1001.47,98.54,251,0.20,0.19
462,58.50,-6.86,1001.46,98.65,251,0.20,0.19
464,58.62,-6.91,1001.47,98.53,250,0.20,0.18
466,58.70,-6.92,1001.44,98.79,249,0.20,0.18
468,58.80,-6.91,1001.47,98.53,247,0.20,0.18
470,58.94,-6.90,1001.44,98.80,250,0.20,0.18
473,59.19,-6.98,1001.47,98.58,251,0.20,0.19
475,59.21,-7.02,1001.46,98.66,249,0.20,0.18
477,59.40,-7.04,1001.49,98.39,243,0.20,0.18
479,59.36,-7.06,1001.48,98.50,257,0.21,0.19
481,59.68,-7.07,1001.48,98.42,254,0.20,0.19
483,59.64,-7.10,1001.48,98.48,251,0.20,0.19
485,59.55,-7.11,1001.43,98.86,254,0.20,0.19
487,59.47,-7.09,1001.47,98.53,250,0.20,0.18
489,59.63,-7.08,1001.45,98.68,251,0.20,0.19
491,59.71,-7.09,1001.42,98.93,251,0.20,0.19
493,59.54,-7.10,1001.45,98.72,250,0.20,0.18
495,59.43,-7.12,1001.43,98.90,256,0.21,0.19
497,59.48,-7.12,1001.43,98.91,251,0.20,0.19
499,59.63,-7.12,1001.38,99.33,256,0.21,0.19
501,59.86,-7.12,1001.41,99.05,250,0.20,0.18
503,60.03,-7.17,1001.41,99.08,250,0.20,0.18
505,60.22,-7.18,1001.40,99.17,254,0.20,0.19
507,60.67,-7.20,1001.43,98.84,250,0.20,0.18
509,60.66,-7.22,1001.42,98.95,251,0.20,0.19
511,60.75,-7.21,1001.42,98.97,254,0.20,0.19
513,60.57,-7.25,1001.40,99.10,252,0.20,0.19
515,60.84,-7.24,1001.43,98.89,256,0.21,0.19
517,61.24,-7.26,1001.40,99.10,246,0.20,0.18
519,61.76,-7.27,1001.42,98.98,255,0.21,0.19
521,62.25,-7.34,1001.43,98.86,253,0.20,0.19
524,62.35,-7.37,1001.45,98.69,249,0.20,0.18
526,62.24,-7.39,1001.40,99.11,245,0.20,0.18
528,62.33,-7.39,1001.39,99.19,245,0.20,0.18
530,62.36,-7.41,1001.40,99.09,255,0.21,0.19
532,62.44,-7.39,1001.39,99.25,251,0.20,0.19
534,62.63,-7.45,1001.39,99.20,250,0.20,0.18
536,62.52,-7.44,1001.39,99.25,256,0.21,0.19
538,62.65,-7.46,1001.37,99.36,252,0.20,0.19
540,62.74,-7.51,1001.37,99.35,251,0.20,0.19
542,62.52,-7.46,1001.31,99.89,251,0.20,0.19
544,62.77,-7.48,1001.38,99.26,257,0.21,0.19
546,62.71,-7.51,1001.36,99.45,254,0.20,0.19
548,62.60,-7.47,1001.28,99.92,252,0.20,0.19
550,62.55,-7.48,1001.32,99.82,256,0.21,0.19
552,62.36,-7.47,1001.29,100.06,250,0.20,0.18
554,62.02,-7.45,1001.27,100.23,250,0.20,0.18
556,62.06,-7.45,1001.29,100.01,257,0.21,0.19
558,62.12,-7.45,1001.31,99.90,253,0.20,0.19
560,62.15,-7.46,1001.23,100.52,252,0.20,0.19
562,62.06,-7.46,1001.25,100.36,249,0.20,0.18
564,62.12,-7.46,1001.25,100.36,252,0.20,0.19
566,62.04,-7.45,1001.26,100.29,247,0.20,0.18
568,62.04,-7.45,1001.24,100.46,254,0.20,0.19
570,61.98,-7.44,1001.26,100.29,251,0.20,0.19
572,62.13,-7.46,1001.23,100.52,251,0.20,0.19
574,62.23,-7.43,1001.25,100.42,250,0.20,0.18
577,62.25,-7.45,1001.27,100.21,248,0.20,0.18
579,62.33,-7.47,1001.31,99.90,253,0.20,0.19
581,62.50,-7.42,1001.27,100.22,251,0.20,0.19
583,62.50,-7.49,1001.28,100.12,256,0.21,0.19
585,62.55,-7.44,1001.25,100.41,246,0.20,0.18
587,62.39,-7.47,1001.28,100.10,254,0.20,0.19
589,62.54,-7.45,1001.28,100.10,254,0.20,0.19
591,62.77,-7.48,1001.27,100.19,251,0.20,0.19
593,62.96,-7.46,1001.28,100.14,252,0.20,0.19
595,63.34,-7.50,1001.29,100.03,255,0.21,0.19
597,63.34,-7.53,1001.30,100.01,252,0.20,0.19
599,63.30,-7.51,1001.30,100.01,254,0.20,0.19
601,63.30,-7.52,1001.28,100.14,255,0.21,0.19
603,63.73,-7.56,1001.29,100.07,257,0.21,0.19
605,63.76,-7.59,1001.26,100.29,256,0.21,0.19
607,63.86,-7.61,1001.27,100.26,256,0.21,0.19
609,64.06,-7.62,1001.30,99.99,255,0.21,0.19
611,64.13,-7.62,1001.29,100.02,249,0.20,0.18
613,64.20,-7.64,1001.26,100.30,241,0.19,0.18
615,63.85,-7.59,1001.29,100.01,247,0.20,0.18
617,63.13,-7.55,1001.26,100.29,253,0.20,0.19
619,62.50,-7.50,1001.18,100.99,255,0.21,0.19
621,62.14,-7.46,1001.17,101.04,253,0.20,0.19
623,62.32,-7.46,1001.18,101.00,253,0.20,0.19
625,62.63,-7.49,1001.19,100.93,251,0.20,0.19
628,62.45,-7.48,1001.17,101.09,257,0.21,0.19
630,62.66,-7.48,1001.19,100.93,259,0.21,0.19
632,62.50,-7.47,1001.16,101.18,258,0.21,0.19
634,62.62,-7.45,1001.15,101.22,256,0.21,0.19
636,62.76,-7.50,1001.20,100.79,254,0.20,0.19
638,62.80,-7.53,1001.19,100.89,257,0.21,0.19
640,63.04,-7.54,1001.22,100.67,260,0.21,0.19
642,62.75,-7.54,1001.17,101.10,256,0.21,0.19
644,63.18,-7.56,1001.20,100.86,250,0.20,0.18
646,63.39,-7.58,1001.19,100.89,253,0.20,0.19
648,63.71,-7.61,1001.22,100.62,254,0.20,0.19
650,63.78,-7.64,1001.24,100.49,256,0.21,0.19
652,63.67,-7.62,1001.19,100.89,257,0.21,0.19
654,63.70,-7.65,1001.21,100.75,249,0.20,0.18
656,63.62,-7.64,1001.18,100.95,253,0.20,0.19
658,63.95,-7.64,1001.20,100.79,251,0.20,0.19
660,64.64,-7.68,1001.22,100.61,249,0.20,0.18
662,64.39,-7.70,1001.21,100.76,257,0.21,0.19
664,64.45,-7.66,1001.20,100.82,252,0.20,0.19
666,64.52,-7.70,1001.24,100.49,256,0.21,0.19
668,64.23,-7.67,1001.24,100.44,254,0.20,0.19
670,64.26,-7.64,1001.22,100.66,258,0.21,0.19
672,64.01,-7.61,1001.22,100.62,256,0.21,0.19
674,63.40,-7.60,1001.20,100.85,256,0.21,0.19
676,63.13,-7.55,1001.17,101.10,255,0.21,0.19
678,63.06,-7.53,1001.20,100.77,254,0.20,0.19
681,63.38,-7.55,1001.18,100.96,256,0.21,0.19
683,63.35,-7.57,1001.17,101.06,256,0.21,0.19
685,63.81,-7.61,1001.20,100.80,256,0.21,0.19
687,63.79,-7.63,1001.18,100.96,256,0.21,0.19
689,64.35,-7.67,1001.19,100.89,257,0.21,0.19
691,64.21,-7.69,1001.19,100.86,253,0.20,0.19
693,63.95,-7.68,1001.23,100.56,257,0.21,0.19
695,64.32,-7.66,1001.23,100.58,261,0.21,0.20
697,64.11,-7.66,1001.23,100.59,252,0.20,0.19
699,64.11,-7.68,1001.21,100.74,257,0.21,0.19
701,64.24,-7.67,1001.22,100.61,256,0.21,0.19
703,64.22,-7.69,1001.16,101.17,256,0.21,0.19
705,64.33,-7.74,1001.19,100.89,255,0.21,0.19
707,64.34,-7.71,1001.14,101.28,253,0.20,0.19
709,64.87,-7.73,1001.15,101.24,256,0.21,0.19
711,64.76,-7.76,1001.16,101.13,256,0.21,0.19
713,64.71,-7.75,1001.18,100.98,256,0.21,0.19
715,64.66,-7.76,1001.16,101.14,251,0.20,0.19
717,64.40,-7.72,1001.13,101.42,259,0.21,0.19
719,64.58,-7.70,1001.14,101.32,252,0.20,0.19
721,64.50,-7.68,1001.13,101.37,257,0.21,0.19
723,64.92,-7.74,1001.15,101.27,257,0.21,0.19
725,65.21,-7.76,1001.18,101.11,254,0.20,0.19
727,65.41,-7.78,1001.15,101.25,257,0.21,0.19
729,65.43,-7.80,1001.16,101.18,253,0.20,0.19
732,65.79,-7.79,1001.17,101.07,256,0.21,0.19
734,65.44,-7.84,1001.17,101.03,258,0.21,0.19
736,66.06,-7.81,1001.19,100.90,252,0.20,0.19
738,66.10,-7.85,1001.18,101.01,251,0.20,0.19
740,66.52,-7.85,1001.19,100.88,254,0.20,0.19
742,66.86,-7.84,1001.19,100.90,246,0.20,0.18
744,66.86,-7.90,1001.18,100.94,256,0.21,0.19
746,66.62,-7.91,1001.16,101.19,262,0.21,0.20
748,66.72,-7.93,1001.15,101.20,259,0.21,0.19
750,66.46,-7.92,1001.14,101.28,257,0.21,0.19
752,66.66,-7.92,1001.14,101.34,253,0.20,0.19
754,66.60,-7.93,1001.11,101.55,257,0.21,0.19
756,66.10,-7.91,1001.09,101.75,258,0.21,0.19
758,66.55,-7.90,1001.09,101.70,255,0.21,0.19
760,66.63,-7.90,1001.13,101.42,257,0.21,0.19
762,66.24,-7.90,1001.11,101.57,258,0.21,0.19
764,66.34,-7.90,1001.09,101.76,253,0.20,0.19
766,66.53,-7.92,1001.10,101.69,256,0.21,0.19
768,66.58,-7.94,1001.10,101.64,256,0.21,0.19
770,66.67,-7.94,1001.11,101.57,253,0.20,0.19
772,66.61,-7.94,1001.10,101.68,256,0.21,0.19
774,66.44,-7.92,1001.12,101.48,254,0.20,0.19
776,66.13,-7.87,1001.10,101.61,254,0.20,0.19
778,65.93,-7.85,1001.07,101.89,258,0.21,0.19
780,65.82,-7.86,1001.04,102.13,256,0.21,0.19
783,65.93,-7.87,1001.06,101.96,256,0.21,0.19
785,66.12,-7.90,1001.07,101.94,252,0.20,0.19
787,66.23,-7.88,1001.07,101.91,256,0.21,0.19
789,66.69,-7.91,1001.06,101.98,257,0.21,0.19
791,66.53,-7.79,1001.11,101.55,254,0.20,0.19
793,65.16,-7.74,1000.93,103.04,176,0.14,0.12
795,64.95,-7.24,1000.96,102.84,242,0.20,0.18
797,64.77,-7.27,1000.92,103.20,240,0.19,0.17
799,64.28,-7.29,1000.98,102.62,229,0.18,0.16
801,64.26,-7.58,1001.00,102.48,331,0.27,0.27
803,64.07,-7.66,1000.98,102.70,326,0.26,0.26
805,63.81,-7.70,1000.96,102.82,314,0.25,0.25
807,63.69,-7.70,1000.97,102.74,310,0.25,0.25
809,63.55,-7.70,1000.93,103.11,304,0.24,0.24
811,63.25,-7.70,1000.93,103.11,303,0.24,0.24
813,63.52,-7.70,1000.92,103.13,304,0.24,0.24
815,63.36,-7.69,1000.94,103.03,293,0.24,0.23
817,63.19,-7.69,1000.93,103.10,294,0.24,0.23
819,62.90,-7.64,1000.94,102.97,311,0.25,0.25
821,61.27,-7.42,1000.78,104.38,215,0.17,0.15
823,60.20,-7.26,1000.71,104.95,205,0.17,0.14
825,59.58,-6.63,1000.68,105.17,173,0.14,0.11
827,58.29,-6.17,1000.65,105.43,339,0.27,0.28
829,58.09,-6.32,1000.74,104.66,231,0.19,0.17
831,58.17,-6.70,1000.71,104.92,231,0.19,0.17
833,57.78,-6.91,1000.70,105.01,241,0.19,0.18
836,57.70,-6.89,1000.71,104.91,240,0.19,0.17
838,57.57,-6.92,1000.66,105.33,240,0.19,0.17
840,57.32,-6.88,1000.62,105.66,241,0.19,0.18
842,57.09,-6.87,1000.65,105.45,244,0.20,0.18
844,56.91,-6.84,1000.64,105.51,258,0.21,0.19
846,56.71,-6.79,1000.63,105.64,1002,0.81,1.37
848,56.32,-6.72,1000.62,105.71,1088,0.88,1.58
850,55.98,-6.67,1000.59,105.93,891,0.72,1.14
852,55.81,-6.64,1000.58,105.99,1063,0.86,1.52
854,55.62,-6.61,1000.60,105.88,790,0.64,0.94
856,55.20,-6.61,1000.60,105.82,607,0.49,0.63
858,54.98,-6.40,1000.57,106.14,647,0.52,0.69
860,54.63,-6.44,1000.59,105.93,491,0.40,0.47
862,54.80,-6.21,1000.64,105.53,419,0.34,0.37
864,55.11,-6.54,1000.61,105.77,359,0.29,0.30
866,55.46,-6.68,1000.64,105.55,343,0.28,0.28
868,55.49,-6.73,1000.69,105.08,317,0.26,0.25
870,55.57,-6.70,1000.66,105.36,310,0.25,0.25
872,55.56,-6.73,1000.66,105.34,302,0.24,0.24
874,55.48,-6.73,1000.63,105.57,302,0.24,0.24
876,55.42,-6.75,1000.63,105.60,286,0.23,0.22
878,55.74,-6.78,1000.65,105.45,278,0.22,0.21
880,55.72,-6.78,1000.63,105.61,274,0.22,0.21
882,55.74,-6.76,1000.64,105.55,272,0.22,0.21
884,55.50,-6.76,1000.66,105.36,272,0.22,0.21
886,55.41,-6.75,1000.65,105.46,260,0.21,0.19
889,55.33,-6.73,1000.66,105.32,265,0.21,0.20
891,55.33,-6.73,1000.63,105.62,263,0.21,0.20
893,55.00,-6.74,1000.60,105.87,261,0.21,0.20
895,55.09,-6.71,1000.65,105.48,261,0.21,0.20
897,54.96,-6.71,1000.61,105.79,247,0.20,0.18
899,54.75,-6.69,1000.60,105.89,259,0.21,0.19
901,54.88,-6.70,1000.65,105.40,258,0.21,0.19
903,54.66,-6.67,1000.60,105.85,250,0.20,0.18
905,54.66,-6.66,1000.60,105.87,251,0.20,0.19
907,54.61,-6.65,1000.61,105.77,253,0.20,0.19
909,54.66,-6.66,1000.61,105.74,253,0.20,0.19
911,54.62,-6.65,1000.64,105.49,247,0.20,0.18
913,54.39,-6.60,1000.61,105.79,253,0.20,0.19
915,54.42,-6.60,1000.60,105.84,254,0.20,0.19
917,54.27,-6.58,1000.60,105.84,251,0.20,0.19
919,54.11,-6.56,1000.68,105.21,245,0.20,0.18
921,54.08,-6.55,1000.62,105.66,254,0.20,0.19
923,53.83,-6.53,1000.62,105.68,251,0.20,0.19
925,53.54,-6.50,1000.62,105.69,246,0.20,0.18
927,53.39,-6.45,1000.58,105.99,261,0.21,0.20
929,53.54,-6.46,1000.60,105.81,247,0.20,0.18
931,53.57,-6.45,1000.61,105.74,246,0.20,0.18
933,53.63,-6.44,1000.60,105.85,243,0.20,0.18
935,53.84,-6.43,1000.60,105.82,240,0.19,0.17
937,53.94,-6.45,1000.67,105.30,245,0.20,0.18
940,53.99,-6.51,1000.65,105.42,244,0.20,0.18
942,53.62,-6.45,1000.61,105.72,247,0.20,0.18
944,53.31,-6.40,1000.63,105.62,240,0.19,0.17
946,53.05,-6.37,1000.64,105.54,243,0.20,0.18
948,52.50,-6.28,1000.60,105.88,240,0.19,0.17
950,52.29,-6.25,1000.58,106.04,241,0.19,0.18
952,52.32,-6.26,1000.63,105.57,240,0.19,0.17
954,52.22,-6.24,1000.58,106.04,240,0.19,0.17
956,52.17,-6.19,1000.61,105.81,245,0.20,0.18
958,52.12,-6.18,1000.59,105.93,239,0.19,0.17
960,52.10,-6.14,1000.58,106.05,243,0.20,0.18
962,52.18,-6.16,1000.60,105.86,240,0.19,0.17
964,52.15,-6.18,1000.61,105.81,239,0.19,0.17
966,52.13,-6.20,1000.62,105.68,240,0.19,0.17
968,52.21,-6.21,1000.58,105.99,240,0.19,0.17
970,52.20,-6.19,1000.60,105.84,240,0.19,0.17
972,52.30,-6.21,1000.63,105.62,240,0.19,0.17
974,52.22,-6.21,1000.63,105.63,240,0.19,0.17
976,52.08,-6.22,1000.64,105.53,238,0.19,0.17
978,52.07,-6.22,1000.64,105.48,240,0.19,0.17
980,52.01,-6.20,1000.62,105.72,240,0.19,0.17
982,52.01,-6.20,1000.62,105.69,241,0.19,0.18
984,52.00,-6.17,1000.61,105.74,238,0.19,0.17
986,52.03,-6.18,1000.62,105.70,239,0.19,0.17
988,51.87,-6.16,1000.62,105.66,240,0.19,0.17
990,51.45,-6.06,1000.63,105.60,240,0.19,0.17
993,51.50,-6.10,1000.63,105.68,240,0.19,0.17
995,51.32,-6.05,1000.63,105.59,240,0.19,0.17
997,51.32,-6.06,1000.66,105.57,242,0.20,0.18
999,51.31,-6.05,1000.67,105.27,240,0.19,0.17
1001,51.31,-6.00,1000.63,105.51,240,0.19,0.17
1003,51.18,-5.98,1000.62,105.73,241,0.19,0.18
1005,51.28,-5.97,1000.63,105.40,235,0.19,0.17
1007,51.20,-5.98,1000.65,105.45,240,0.19,0.17
1009,50.74,-5.95,1000.66,105.02,231,0.19,0.17
1011,50.07,-5.86,1000.63,105.57,240,0.19,0.17
1013,49.52,-5.77,1000.66,105.38,240,0.19,0.17
1015,49.16,-5.65,1000.64,105.49,235,0.19,0.17
1017,49.37,-5.65,1000.66,105.36,227,0.18,0.16
1019,49.33,-5.64,1000.62,105.66,237,0.19,0.17
1021,49.48,-5.67,1000.65,105.42,239,0.19,0.17
1023,49.44,-5.65,1000.66,105.35,239,0.19,0.17
1025,49.53,-5.67,1000.63,105.61,239,0.19,0.17
1027,49.66,-5.66,1000.61,105.73,239,0.19,0.17
1029,49.77,-5.67,1000.60,105.83,250,0.20,0.18
1031,50.00,-5.72,1000.61,105.79,238,0.19,0.17
1033,50.10,-5.74,1000.60,105.81,240,0.19,0.17
1035,50.12,-5.77,1000.66,105.31,227,0.18,0.16
1037,50.09,-5.75,1000.63,105.59,240,0.19,0.17
1039,50.26,-5.77,1000.66,105.21,231,0.19,0.17
1041,50.27,-5.79,1000.63,105.60,232,0.19,0.17
1043,50.35,-5.80,1000.64,105.54,239,0.19,0.17
1046,50.34,-5.83,1000.67,105.30,234,0.19,0.17
1048,50.35,-5.81,1000.66,105.32,229,0.18,0.16
1050,50.07,-5.80,1000.64,105.52,238,0.19,0.17
1052,50.23,-5.81,1000.64,105.53,240,0.19,0.17
1054,50.29,-5.80,1000.64,105.50,237,0.19,0.17
1056,50.13,-5.80,1000.63,105.58,238,0.19,0.17
1058,50.33,-5.80,1000.64,105.51,233,0.19,0.17
1060,50.37,-5.77,1000.66,105.37,234,0.19,0.17
1062,50.15,-5.76,1000.61,105.80,232,0.19,0.17
1064,50.27,-5.82,1000.64,105.56,240,0.19,0.17
1066,50.36,-5.82,1000.64,105.48,231,0.19,0.17
1068,50.23,-5.79,1000.63,105.63,233,0.19,0.17
1070,50.26,-5.78,1000.64,105.50,242,0.20,0.18
1072,50.05,-5.80,1000.63,105.62,240,0.19,0.17
1074,50.06,-5.77,1000.64,105.53,236,0.19,0.17
1076,49.87,-5.75,1000.63,105.64,234,0.19,0.17
1078,49.80,-5.73,1000.60,105.82,238,0.19,0.17
1080,49.68,-5.69,1000.61,105.79,238,0.19,0.17
1082,49.70,-5.67,1000.62,105.68,237,0.19,0.17
1084,49.68,-5.67,1000.61,105.77,245,0.20,0.18
1086,49.60,-5.64,1000.62,105.69,227,0.18,0.16
1088,49.62,-5.64,1000.59,105.98,240,0.19,0.17
1090,49.69,-5.65,1000.63,105.63,240,0.19,0.17
1092,49.66,-5.65,1000.59,105.93,235,0.19,0.17
1094,49.71,-5.66,1000.61,105.76,240,0.19,0.17
1097,49.74,-5.65,1000.58,106.05,237,0.19,0.17
1099,49.80,-5.68,1000.62,105.71,241,0.19,0.18
1101,49.72,-5.68,1000.60,105.88,237,0.19,0.17
1103,49.74,-5.70,1000.59,105.94,237,0.19,0.17
1105,49.80,-5.71,1000.59,105.92,240,0.19,0.17
1107,49.69,-5.70,1000.59,105.92,240,0.19,0.17
1109,49.60,-5.70,1000.58,105.81,239,0.19,0.17
1111,49.28,-5.63,1000.59,105.95,238,0.19,0.17
1113,49.11,-5.59,1000.63,105.61,231,0.19,0.17
1115,49.15,-5.55,1000.57,106.07,241,0.19,0.18
1117,49.33,-5.58,1000.63,105.58,241,0.19,0.18
1119,49.33,-5.59,1000.60,105.84,239,0.19,0.17
1121,49.28,-5.60,1000.60,105.82,237,0.19,0.17
1123,49.33,-5.58,1000.59,105.95,237,0.19,0.17
1125,49.37,-5.59,1000.63,105.58,238,0.19,0.17
1127,49.36,-5.58,1000.62,105.67,239,0.19,0.17
1129,49.34,-5.58,1000.62,105.65,240,0.19,0.17
1131,49.21,-5.58,1000.62,105.69,237,0.19,0.17
1133,49.41,-5.59,1000.61,105.78,235,0.19,0.17
1135,49.27,-5.57,1000.64,105.55,239,0.19,0.17
1137,49.41,-5.59,1000.61,105.81,238,0.19,0.17
1139,49.33,-5.62,1000.65,105.40,239,0.19,0.17
1141,49.04,-5.58,1000.61,105.75,240,0.19,0.17
1143,49.13,-5.58,1000.65,105.46,240,0.19,0.17
1145,48.84,-5.52,1000.60,105.87,239,0.19,0.17
1147,48.78,-5.50,1000.59,105.92,238,0.19,0.17
1150,48.73,-5.49,1000.58,106.00,240,0.19,0.17
1152,48.75,-5.50,1000.55,106.28,239,0.19,0.17
1154,48.84,-5.48,1000.56,106.15,240,0.19,0.17
1156,48.76,-5.48,1000.57,106.12,245,0.20,0.18
1158,48.69,-5.47,1000.55,106.31,240,0.19,0.17
1160,48.78,-5.47,1000.58,106.03,240,0.19,0.17
1162,48.79,-5.45,1000.55,106.30,240,0.19,0.17
1164,48.72,-5.48,1000.56,106.17,240,0.19,0.17
1166,48.71,-5.49,1000.56,106.23,238,0.19,0.17
1168,48.58,-5.49,1000.54,106.38,240,0.19,0.17
1170,48.45,-5.46,1000.55,106.32,240,0.19,0.17
1172,48.47,-5.44,1000.57,106.09,235,0.19,0.17
1174,48.42,-5.42,1000.54,106.39,224,0.18,0.16
1176,48.45,-5.42,1000.57,106.13,237,0.19,0.17
1178,48.36,-5.40,1000.55,106.24,240,0.19,0.17
1180,48.20,-5.38,1000.53,106.48,237,0.19,0.17
1182,48.17,-5.40,1000.54,106.34,238,0.19,0.17
1184,48.16,-5.38,1000.55,106.30,240,0.19,0.17
1186,48.22,-5.38,1000.51,106.59,240,0.19,0.17
1188,48.16,-5.36,1000.54,106.40,236,0.19,0.17
1190,48.25,-5.38,1000.54,106.36,240,0.19,0.17
1192,48.15,-5.37,1000.54,106.36,237,0.19,0.17
1194,48.23,-5.37,1000.53,106.48,235,0.19,0.17
1196,48.25,-5.38,1000.53,106.40,240,0.19,0.17
1198,48.16,-5.37,1000.52,106.56,238,0.19,0.17
1200,48.21,-5.37,1000.52,106.54,240,0.19,0.17
1203,48.19,-5.38,1000.53,106.46,237,0.19,0.17
1205,48.04,-5.35,1000.54,106.29,238,0.19,0.17
1207,48.00,-5.29,1000.53,106.42,231,0.19,0.17
1209,48.02,-5.29,1000.51,106.61,240,0.19,0.17
1211,47.86,-5.29,1000.52,106.52,241,0.19,0.18
1213,47.68,-5.26,1000.49,106.76,234,0.19,0.17
1215,47.64,-5.22,1000.47,106.99,240,0.19,0.17
1217,47.68,-5.20,1000.46,107.06,241,0.19,0.18
1219,47.69,-5.19,1000.47,106.95,238,0.19,0.17
1221,47.68,-5.21,1000.47,106.93,242,0.20,0.18
1223,47.83,-5.27,1000.48,106.85,240,0.19,0.17
1225,47.82,-5.25,1000.47,106.94,237,0.19,0.17
1227,47.93,-5.27,1000.50,106.70,240,0.19,0.17
1229,47.96,-5.27,1000.50,106.67,235,0.19,0.17
1231,48.09,-5.30,1000.51,106.59,242,0.20,0.18
1233,48.06,-5.32,1000.50,106.71,242,0.20,0.18
1235,48.12,-5.30,1000.49,106.78,243,0.20,0.18
1237,48.17,-5.32,1000.51,106.63,240,0.19,0.17
1239,48.24,-5.33,1000.52,106.57,237,0.19,0.17
1241,48.20,-5.35,1000.57,106.11,242,0.20,0.18
1243,48.26,-5.37,1000.49,106.74,240,0.19,0.17
1245,48.24,-5.38,1000.53,106.46,240,0.19,0.17
1247,48.21,-5.38,1000.50,106.71,241,0.19,0.18
1249,48.15,-5.37,1000.47,106.94,243,0.20,0.18
1251,48.21,-5.36,1000.49,106.77,240,0.19,0.17
1254,48.05,-5.37,1000.50,106.74,247,0.20,0.18
1256,47.99,-5.34,1000.47,106.98,249,0.20,0.18
1258,48.17,-5.36,1000.46,107.00,261,0.21,0.20
1260,48.21,-5.37,1000.50,106.73,243,0.20,0.18
1262,48.16,-5.36,1000.52,106.49,240,0.19,0.17
1264,48.15,-5.36,1000.54,106.37,240,0.19,0.17
1266,48.06,-5.37,1000.50,106.67,242,0.20,0.18
1268,47.94,-5.35,1000.50,106.72,240,0.19,0.17
1270,47.96,-5.30,1000.51,106.62,254,0.20,0.19
1272,47.84,-5.28,1000.51,106.59,240,0.19,0.17
1274,47.80,-5.28,1000.48,106.88,241,0.19,0.18
1276,47.68,-5.30,1000.49,106.82,242,0.20,0.18
1278,47.76,-5.29,1000.46,107.06,240,0.19,0.17
1280,47.90,-5.31,1000.52,106.53,235,0.19,0.17
1282,47.80,-5.28,1000.46,107.05,241,0.19,0.18
1284,47.81,-5.30,1000.48,106.85,241,0.19,0.18
1286,47.86,-5.33,1000.48,106.86,235,0.19,0.17
1288,47.68,-5.31,1000.45,107.14,240,0.19,0.17
1290,47.73,-5.30,1000.44,107.23,229,0.18,0.16
1292,47.78,-5.29,1000.46,107.02,234,0.19,0.17
1294,47.82,-5.29,1000.47,106.92,237,0.19,0.17
1296,47.71,-5.32,1000.47,106.97,238,0.19,0.17
1298,47.82,-5.30,1000.49,106.80,234,0.19,0.17
1300,47.88,-5.28,1000.50,106.71,234,0.19,0.17
1302,47.93,-5.26,1000.50,106.70,235,0.19,0.17
1304,47.84,-5.32,1000.49,106.78,235,0.19,0.17
1307,47.93,-5.35,1000.48,106.86,236,0.19,0.17
1309,47.95,-5.32,1000.49,106.78,237,0.19,0.17
1311,47.94,-5.32,1000.51,106.65,237,0.19,0.17
1313,47.93,-5.30,1000.52,106.54,239,0.19,0.17
1315,47.80,-5.28,1000.48,106.86,234,0.19,0.17
1317,47.75,-5.30,1000.48,106.87,235,0.19,0.17
1319,47.74,-5.28,1000.50,106.70,238,0.19,0.17
1321,47.78,-5.28,1000.49,106.78,237,0.19,0.17
1323,47.74,-5.28,1000.50,106.68,234,0.19,0.17
1325,47.84,-5.28,1000.48,106.88,238,0.19,0.17
1327,47.83,-5.29,1000.49,106.74,238,0.19,0.17
1329,47.86,-5.29,1000.50,106.74,235,0.19,0.17
1331,47.95,-5.30,1000.51,106.59,235,0.19,0.17
1333,47.94,-5.30,1000.50,106.72,233,0.19,0.17
1335,47.86,-5.33,1000.49,106.77,225,0.18,0.16
1337,47.91,-5.30,1000.52,106.51,230,0.19,0.17
1339,47.97,-5.33,1000.52,106.57,231,0.19,0.17
1341,47.97,-5.35,1000.50,106.70,228,0.18,0.16
1343,47.96,-5.33,1000.51,106.60,229,0.18,0.16
1345,48.00,-5.36,1000.55,106.30,229,0.18,0.16
1347,48.14,-5.34,1000.55,106.29,227,0.18,0.16
1349,48.19,-5.37,1000.52,106.49,235,0.19,0.17
1351,48.20,-5.41,1000.53,106.48,225,0.18,0.16
1353,48.20,-5.43,1000.51,106.58,227,0.18,0.16
1355,48.13,-5.46,1000.52,106.49,229,0.18,0.16
1358,48.23,-5.45,1000.55,106.28,226,0.18,0.16
1360,48.31,-5.50,1000.55,106.27,226,0.18,0.16
1362,48.33,-5.49,1000.58,105.99,224,0.18,0.16
1364,48.22,-5.47,1000.55,106.30,231,0.19,0.17
1366,48.36,-5.41,1000.55,106.31,232,0.19,0.17
1368,48.31,-5.41,1000.57,106.12,227,0.18,0.16
1370,48.20,-5.41,1000.57,106.11,230,0.19,0.17
1372,48.17,-5.42,1000.60,105.87,235,0.19,0.17
1374,48.17,-5.42,1000.58,106.01,237,0.19,0.17
1376,48.17,-5.46,1000.58,106.05,231,0.19,0.17
1378,48.16,-5.46,1000.55,106.30,231,0.19,0.17
1380,47.99,-5.45,1000.56,106.20,229,0.18,0.16
1382,47.96,-5.42,1000.57,106.13,230,0.19,0.17
1384,47.84,-5.36,1000.56,106.22,229,0.18,0.16
1386,47.88,-5.35,1000.56,106.18,238,0.19,0.17
1388,47.80,-5.32,1000.53,106.46,235,0.19,0.17
1390,47.78,-5.28,1000.57,106.15,236,0.19,0.17
1392,47.76,-5.27,1000.53,106.47,240,0.19,0.17
1394,47.83,-5.30,1000.54,106.34,227,0.18,0.16
1396,47.89,-5.31,1000.57,106.11,227,0.18,0.16
1398,48.04,-5.35,1000.59,105.92,227,0.18,0.16
1400,48.03,-5.42,1000.61,105.76,229,0.18,0.16
1402,47.97,-5.44,1000.59,105.97,229,0.18,0.16
1404,47.95,-5.42,1000.57,106.14,233,0.19,0.17
1406,48.08,-5.43,1000.59,105.91,229,0.18,0.16
1408,48.05,-5.43,1000.61,105.74,240,0.19,0.17
1411,48.13,-5.39,1000.60,105.82,229,0.18,0.16
1413,48.07,-5.40,1000.58,106.07,231,0.19,0.17
1415,48.07,-5.41,1000.57,106.08,234,0.19,0.17
1417,48.14,-5.42,1000.55,106.25,231,0.19,0.17
1419,48.15,-5.41,1000.59,105.98,228,0.18,0.16
1421,48.23,-5.42,1000.61,105.80,231,0.19,0.17
1423,48.22,-5.41,1000.61,105.79,225,0.18,0.16
1425,48.32,-5.44,1000.58,106.02,226,0.18,0.16
1427,48.22,-5.46,1000.58,106.04,235,0.19,0.17
1429,48.25,-5.47,1000.59,105.93,231,0.19,0.17
1431,48.38,-5.47,1000.63,105.61,229,0.18,0.16
1433,48.18,-5.49,1000.62,105.70,233,0.19,0.17
1435,48.31,-5.49,1000.62,105.68,230,0.19,0.17
1437,48.33,-5.49,1000.61,105.76,229,0.18,0.16
1439,48.33,-5.50,1000.59,105.94,226,0.18,0.16
1441,48.21,-5.50,1000.65,105.47,235,0.19,0.17
1443,48.30,-5.49,1000.62,105.69,229,0.18,0.16
1445,48.26,-5.49,1000.61,105.81,230,0.19,0.17
1447,48.24,-5.48,1000.57,106.09,225,0.18,0.16
1449,48.23,-5.45,1000.61,105.81,235,0.19,0.17
1451,48.20,-5.42,1000.63,105.64,235,0.19,0.17
1453,48.04,-5.40,1000.60,105.82,231,0.19,0.17
1455,47.86,-5.39,1000.60,105.82,229,0.18,0.16
1457,47.90,-5.37,1000.59,105.93,230,0.19,0.17
1459,47.89,-5.36,1000.57,106.14,231,0.19,0.17
1462,47.93,-5.35,1000.57,106.08,230,0.19,0.17
1464,47.83,-5.35,1000.56,106.21,234,0.19,0.17
1466,47.94,-5.38,1000.59,105.93,231,0.19,0.17
1468,48.05,-5.39,1000.59,105.91,231,0.19,0.17
1470,48.05,-5.40,1000.64,105.53,236,0.19,0.17
1472,48.13,-5.41,1000.59,105.93,228,0.18,0.16
1474,48.17,-5.46,1000.61,105.73,240,0.19,0.17
1476,48.08,-5.45,1000.63,105.62,231,0.19,0.17
1478,48.19,-5.43,1000.60,105.84,241,0.19,0.18
1480,48.30,-5.43,1000.59,105.95,233,0.19,0.17
1482,48.21,-5.43,1000.60,105.86,230,0.19,0.17
1484,48.25,-5.42,1000.59,105.90,233,0.19,0.17
1486,48.23,-5.41,1000.60,105.86,225,0.18,0.16
1488,48.28,-5.40,1000.61,105.81,234,0.19,0.17
1490,48.35,-5.45,1000.60,105.88,227,0.18,0.16
1492,48.42,-5.44,1000.65,105.47,227,0.18,0.16
1494,48.47,-5.48,1000.61,105.81,229,0.18,0.16
1496,48.50,-5.51,1000.62,105.73,234,0.19,0.17
1498,48.51,-5.49,1000.61,105.79,234,0.19,0.17
1500,48.66,-5.47,1000.59,105.96,236,0.19,0.17
1502,48.73,-5.54,1000.58,106.03,231,0.19,0.17
1504,48.81,-5.55,1000.60,105.85,228,0.18,0.16
1506,48.83,-5.55,1000.63,105.59,236,0.19,0.17
1508,48.79,-5.57,1000.63,105.64,235,0.19,0.17
1510,48.86,-5.56,1000.60,105.89,237,0.19,0.17
1513,48.93,-5.59,1000.62,105.67,230,0.19,0.17
1515,48.84,-5.54,1000.65,105.43,236,0.19,0.17
1517,48.81,-5.56,1000.65,105.46,236,0.19,0.17
1519,48.79,-5.55,1000.66,105.35,239,0.19,0.17
1521,48.65,-5.54,1000.62,105.80,231,0.19,0.17
1523,48.56,-5.54,1000.67,105.29,245,0.20,0.18
1525,48.59,-5.53,1000.66,105.39,230,0.19,0.17
1527,48.64,-5.52,1000.61,105.76,236,0.19,0.17
1529,48.55,-5.54,1000.65,105.42,231,0.19,0.17
1531,48.40,-5.52,1000.69,105.10,229,0.18,0.16
1533,48.43,-5.53,1000.62,105.66,238,0.19,0.17
1535,48.42,-5.52,1000.62,105.69,235,0.19,0.17
1537,48.41,-5.49,1000.66,105.35,239,0.19,0.17
1539,48.42,-5.51,1000.64,105.51,232,0.19,0.17
1541,48.41,-5.49,1000.65,105.46,240,0.19,0.17
1543,48.53,-5.50,1000.62,105.66,239,0.19,0.17
1545,48.63,-5.51,1000.62,105.71,225,0.18,0.16
1547,48.59,-5.51,1000.61,105.74,235,0.19,0.17
1549,48.56,-5.50,1000.61,105.74,229,0.18,0.16
1551,48.58,-5.52,1000.66,105.39,230,0.19,0.17
1553,48.69,-5.54,1000.63,105.56,230,0.19,0.17
1555,48.69,-5.48,1000.59,105.98,233,0.19,0.17
1557,48.71,-5.53,1000.66,105.38,236,0.19,0.17
1559,48.69,-5.53,1000.67,105.28,235,0.19,0.17
1561,48.76,-5.54,1000.65,105.43,234,0.19,0.17
1564,48.76,-5.54,1000.66,105.35,233,0.19,0.17
1566,48.76,-5.55,1000.68,105.21,222,0.18,0.16
1568,48.86,-5.56,1000.68,105.17,225,0.18,0.16
1570,48.89,-5.54,1000.66,105.37,234,0.19,0.17
1572,48.85,-5.57,1000.68,105.21,229,0.18,0.16
1574,48.92,-5.57,1000.68,105.18,234,0.19,0.17
1576,49.00,-5.59,1000.65,105.40,228,0.18,0.16
1578,48.91,-5.57,1000.66,105.35,228,0.18,0.16
1580,48.62,-5.53,1000.62,105.68,235,0.19,0.17
1582,48.54,-5.52,1000.63,105.62,233,0.19,0.17
1584,48.41,-5.51,1000.64,105.53,231,0.19,0.17
1586,48.25,-5.48,1000.65,105.45,231,0.19,0.17
1588,48.33,-5.46,1000.65,105.41,236,0.19,0.17
1590,48.32,-5.47,1000.67,105.31,231,0.19,0.17
1592,48.35,-5.49,1000.66,105.32,231,0.19,0.17
1594,48.36,-5.48,1000.64,105.54,231,0.19,0.17
1596,48.45,-5.47,1000.64,105.56,237,0.19,0.17
1598,48.49,-5.48,1000.67,105.24,228,0.18,0.16
1600,48.48,-5.47,1000.67,105.28,235,0.19,0.17
1602,48.58,-5.49,1000.69,105.12,234,0.19,0.17
1604,48.53,-5.49,1000.66,105.31,239,0.19,0.17
1606,48.60,-5.52,1000.67,105.26,230,0.19,0.17
1608,48.75,-5.53,1000.67,105.23,229,0.18,0.16
1610,48.76,-5.55,1000.62,105.68,240,0.19,0.17
1612,48.82,-5.53,1000.64,105.50,230,0.19,0.17
1614,48.84,-5.54,1000.65,105.44,240,0.19,0.17
1617,48.84,-5.54,1000.64,105.56,234,0.19,0.17
1619,48.82,-5.56,1000.66,105.39,239,0.19,0.17
1621,48.78,-5.55,1000.66,105.32,231,0.19,0.17
1623,48.80,-5.55,1000.67,105.24,233,0.19,0.17
1625,48.85,-5.54,1000.66,105.33,225,0.18,0.16
1627,48.80,-5.52,1000.66,105.36,232,0.19,0.17
1629,48.67,-5.50,1000.65,105.41,235,0.19,0.17
1631,48.67,-5.50,1000.64,105.45,235,0.19,0.17
1633,48.60,-5.50,1000.68,105.22,226,0.18,0.16
1635,48.60,-5.53,1000.68,105.21,235,0.19,0.17
1637,48.58,-5.55,1000.67,105.30,231,0.19,0.17
1639,48.65,-5.56,1000.65,105.45,240,0.19,0.17
1641,48.63,-5.56,1000.68,105.17,229,0.18,0.16
1643,48.61,-5.51,1000.69,105.08,233,0.19,0.17
1645,48.54,-5.49,1000.67,105.25,236,0.19,0.17
1647,48.50,-5.48,1000.69,105.08,230,0.19,0.17
1649,48.53,-5.48,1000.66,105.34,233,0.19,0.17
1651,48.45,-5.49,1000.62,105.68,236,0.19,0.17
1653,48.49,-5.48,1000.65,105.41,233,0.19,0.17
1655,48.60,-5.50,1000.66,105.36,231,0.19,0.17
1657,48.56,-5.49,1000.66,105.37,237,0.19,0.17
1659,48.58,-5.50,1000.66,105.32,231,0.19,0.17
1661,48.65,-5.51,1000.63,105.57,231,0.19,0.17
1663,48.62,-5.51,1000.67,105.29,233,0.19,0.17
1665,48.67,-5.50,1000.66,105.33,231,0.19,0.17
1667,48.67,-5.50,1000.64,105.63,239,0.19,0.17
1670,48.79,-5.52,1000.65,105.42,235,0.19,0.17
1672,48.83,-5.56,1000.66,105.39,233,0.19,0.17
1674,48.83,-5.57,1000.64,105.50,233,0.19,0.17
1676,48.84,-5.54,1000.63,105.60,235,0.19,0.17
1678,48.93,-5.55,1000.67,105.30,235,0.19,0.17
1680,48.91,-5.59,1000.68,105.22,235,0.19,0.17
1682,48.95,-5.59,1000.67,105.23,233,0.19,0.17
1684,48.98,-5.59,1000.69,105.12,233,0.19,0.17
1686,48.90,-5.57,1000.71,104.92,230,0.19,0.17
1688,48.60,-5.53,1000.70,105.04,234,0.19,0.17
1690,48.52,-5.50,1000.70,105.02,232,0.19,0.17
1692,48.44,-5.48,1000.68,105.14,235,0.19,0.17
1694,48.45,-5.47,1000.71,104.96,231,0.19,0.17
1696,48.49,-5.49,1000.68,105.18,234,0.19,0.17
1698,48.45,-5.47,1000.71,104.94,231,0.19,0.17
1700,48.46,-5.46,1000.73,104.80,230,0.19,0.17
1702,48.41,-5.48,1000.72,104.89,234,0.19,0.17
1704,48.55,-5.49,1000.70,105.01,237,0.19,0.17
1706,48.56,-5.51,1000.70,105.01,237,0.19,0.17
1708,48.52,-5.53,1000.69,105.09,235,0.19,0.17
1710,48.53,-5.50,1000.71,104.94,229,0.18,0.16
1712,48.64,-5.53,1000.73,104.79,231,0.19,0.17
1714,48.73,-5.54,1000.72,104.88,233,0.19,0.17
1716,48.64,-5.52,1000.70,104.97,237,0.19,0.17
1718,48.71,-5.52,1000.73,104.77,235,0.19,0.17
1721,48.63,-5.56,1000.74,104.72,231,0.19,0.17
1723,48.67,-5.57,1000.74,104.71,227,0.18,0.16
1725,48.82,-5.56,1000.70,104.92,227,0.18,0.16
1727,48.88,-5.54,1000.72,104.81,231,0.19,0.17
1729,48.87,-5.56,1000.71,104.93,233,0.19,0.17
1731,48.79,-5.55,1000.71,104.92,235,0.19,0.17
1733,48.79,-5.55,1000.72,104.86,233,0.19,0.17
1735,48.75,-5.56,1000.70,104.98,236,0.19,0.17
1737,48.84,-5.56,1000.74,104.70,234,0.19,0.17
1739,49.02,-5.57,1000.76,104.53,235,0.19,0.17
1741,49.09,-5.59,1000.76,104.48,229,0.18,0.16
1743,49.08,-5.61,1000.76,104.50,233,0.19,0.17
1745,49.02,-5.58,1000.78,104.31,231,0.19,0.17
1747,48.97,-5.58,1000.76,104.52,229,0.18,0.16
1749,48.91,-5.57,1000.75,104.58,238,0.19,0.17
1751,48.64,-5.56,1000.74,104.66,236,0.19,0.17
1753,48.69,-5.54,1000.77,104.41,231,0.19,0.17
1755,48.57,-5.52,1000.75,104.59,239,0.19,0.17
1757,48.60,-5.52,1000.72,104.81,237,0.19,0.17
1759,48.58,-5.50,1000.68,105.16,237,0.19,0.17
1761,48.56,-5.51,1000.74,104.66,237,0.19,0.17
1763,48.60,-5.51,1000.79,104.29,235,0.19,0.17
1765,48.73,-5.54,1000.74,104.66,238,0.19,0.17
1767,48.74,-5.55,1000.72,104.82,240,0.19,0.17
1770,48.70,-5.54,1000.74,104.64,231,0.19,0.17
1772,48.82,-5.56,1000.71,104.92,237,0.19,0.17
1774,48.83,-5.57,1000.73,104.75,240,0.19,0.17
1776,48.86,-5.59,1000.75,104.63,256,0.21,0.19
1778,48.94,-5.58,1000.75,104.59,242,0.20,0.18
1780,48.91,-5.58,1000.75,104.60,237,0.19,0.17
1782,49.01,-5.59,1000.74,104.69,238,0.19,0.17
1784,48.99,-5.60,1000.75,104.59,236,0.19,0.17
1786,48.92,-5.59,1000.74,104.66,238,0.19,0.17
1788,49.04,-5.58,1000.73,104.78,237,0.19,0.17
1790,49.03,-5.60,1000.72,104.84,235,0.19,0.17
1792,49.17,-5.63,1000.76,104.55,239,0.19,0.17
1794,49.21,-5.64,1000.76,104.51,235,0.19,0.17
1796,49.19,-5.65,1000.75,104.60,239,0.19,0.17
1798,49.27,-5.66,1000.78,104.35,238,0.19,0.17
1800,49.29,-5.67,1000.77,104.46,235,0.19,0.17
1802,49.40,-5.69,1000.78,104.34,240,0.19,0.17
1804,49.37,-5.68,1000.74,104.72,245,0.20,0.18
1806,49.38,-5.67,1000.76,104.47,232,0.19,0.17
1808,49.29,-5.69,1000.76,104.48,238,0.19,0.17
1810,49.28,-5.67,1000.78,104.34,237,0.19,0.17
1812,49.22,-5.66,1000.73,104.73,239,0.19,0.17
1814,49.27,-5.66,1000.74,104.65,236,0.19,0.17
1816,49.20,-5.64,1000.77,104.39,237,0.19,0.17
1818,49.17,-5.68,1000.75,104.61,240,0.19,0.17
1821,49.10,-5.67,1000.73,104.80,240,0.19,0.17
1823,49.04,-5.63,1000.77,104.39,241,0.19,0.18
1825,48.97,-5.64,1000.76,104.51,244,0.20,0.18
1827,48.93,-5.63,1000.75,104.62,238,0.19,0.17
1829,48.97,-5.60,1000.70,104.99,241,0.19,0.18
1831,48.90,-5.60,1000.74,104.68,240,0.19,0.17
1833,48.96,-5.61,1000.76,104.55,232,0.19,0.17
1835,48.83,-5.63,1000.73,104.73,240,0.19,0.17
1837,48.72,-5.62,1000.73,104.79,237,0.19,0.17
1839,48.84,-5.63,1000.72,104.85,240,0.19,0.17
1841,48.86,-5.64,1000.74,104.72,237,0.19,0.17
1843,48.90,-5.60,1000.73,104.78,238,0.19,0.17
1845,48.90,-5.60,1000.76,104.51,240,0.19,0.17
1847,48.97,-5.60,1000.74,104.70,239,0.19,0.17
1849,49.01,-5.61,1000.74,104.70,240,0.19,0.17
1851,48.96,-5.63,1000.75,104.64,236,0.19,0.17
1853,48.52,-5.56,1000.71,104.93,236,0.19,0.17
1855,48.42,-5.53,1000.75,104.61,240,0.19,0.17
1857,48.54,-5.51,1000.72,104.85,240,0.19,0.17
1859,48.60,-5.45,1000.72,104.86,230,0.19,0.17
1861,48.63,-5.45,1000.73,104.80,239,0.19,0.17
1863,48.70,-5.45,1000.72,104.81,244,0.20,0.18
1865,48.74,-5.50,1000.70,105.00,240,0.19,0.17
1867,48.74,-5.38,1000.72,104.87,230,0.19,0.17
1869,48.75,-5.40,1000.70,105.00,240,0.19,0.17
1872,48.79,-5.41,1000.71,104.95,232,0.19,0.17
1874,48.55,-5.45,1000.72,104.82,240,0.19,0.17
1876,48.67,-5.47,1000.73,104.77,240,0.19,0.17
1878,48.51,-5.46,1000.71,104.92,236,0.19,0.17
1880,48.37,-5.46,1000.73,104.80,238,0.19,0.17
1882,48.37,-5.30,1000.72,104.88,240,0.19,0.17
1884,48.23,-5.39,1000.73,104.78,240,0.19,0.17
1886,48.20,-5.42,1000.73,104.78,240,0.19,0.17
1888,48.37,-5.43,1000.71,104.92,240,0.19,0.17
1890,48.28,-5.45,1000.72,104.84,240,0.19,0.17
1892,48.34,-5.44,1000.72,104.84,238,0.19,0.17
1894,48.42,-5.46,1000.76,104.54,237,0.19,0.17
1896,48.37,-5.45,1000.71,104.96,230,0.19,0.17
1898,48.45,-5.44,1000.72,104.83,242,0.20,0.18
1900,48.49,-5.45,1000.74,104.68,235,0.19,0.17
1902,48.53,-5.46,1000.73,104.80,235,0.19,0.17
1904,48.48,-5.48,1000.73,104.75,235,0.19,0.17
1906,48.63,-5.48,1000.73,104.79,237,0.19,0.17
1908,48.66,-5.49,1000.72,104.83,240,0.19,0.17
1910,48.51,-5.50,1000.69,105.10,229,0.18,0.16
1912,48.59,-5.47,1000.70,105.01,236,0.19,0.17
1914,48.39,-5.41,1000.71,104.94,238,0.19,0.17
1916,48.19,-5.33,1000.72,104.84,238,0.19,0.17
1918,48.15,-5.27,1000.74,104.67,240,0.19,0.17
1920,47.75,-5.08,1000.72,104.83,240,0.19,0.17
1923,47.38,-5.06,1000.75,104.59,239,0.19,0.17
1925,47.22,-5.03,1000.69,105.08,231,0.19,0.17
1927,46.94,-5.06,1000.66,105.35,238,0.19,0.17
1929,46.68,-5.00,1000.63,105.61,239,0.19,0.17
1931,46.63,-4.98,1000.68,105.18,237,0.19,0.17
1933,46.57,-4.93,1000.64,105.49,235,0.19,0.17
1935,46.56,-4.91,1000.65,105.44,235,0.19,0.17
1937,46.65,-4.94,1000.67,105.28,239,0.19,0.17
1939,46.81,-4.98,1000.65,105.41,239,0.19,0.17
1941,47.03,-5.03,1000.66,105.35,240,0.19,0.17
1943,47.26,-5.08,1000.65,105.48,239,0.19,0.17
1945,47.43,-5.08,1000.67,105.25,240,0.19,0.17
1947,47.56,-5.15,1000.69,105.12,240,0.19,0.17
1949,47.76,-5.22,1000.68,105.14,237,0.19,0.17
1951,47.89,-5.25,1000.69,105.08,238,0.19,0.17
1953,47.97,-5.30,1000.67,105.23,241,0.19,0.18
1955,48.06,-5.32,1000.71,104.95,240,0.19,0.17
1957,48.01,-5.31,1000.70,105.03,240,0.19,0.17
1959,48.15,-5.35,1000.72,104.83,240,0.19,0.17
1961,48.21,-5.33,1000.71,104.96,240,0.19,0.17
1963,48.23,-5.33,1000.69,105.07,240,0.19,0.17
1965,48.34,-5.33,1000.75,104.60,237,0.19,0.17
1967,48.30,-5.33,1000.71,104.95,240,0.19,0.17
1969,48.33,-5.34,1000.72,104.84,240,0.19,0.17
1972,48.39,-5.37,1000.72,104.81,240,0.19,0.17
1974,48.34,-5.36,1000.74,104.64,239,0.19,0.17
1976,48.27,-5.39,1000.72,104.81,239,0.19,0.17
1978,48.20,-5.37,1000.81,104.06,240,0.19,0.17
1980,48.19,-5.37,1000.79,104.26,240,0.19,0.17
1982,48.23,-5.41,1000.73,104.80,238,0.19,0.17
1984,48.13,-5.37,1000.71,104.91,239,0.19,0.17
1986,48.17,-5.40,1000.74,104.68,240,0.19,0.17
1988,48.25,-5.42,1000.79,104.27,238,0.19,0.17
1990,48.26,-5.42,1000.79,104.31,240,0.19,0.17
1992,48.35,-5.44,1000.76,104.48,242,0.20,0.18
1994,48.45,-5.41,1000.81,104.12,241,0.19,0.18
1996,48.50,-5.44,1000.78,104.38,240,0.19,0.17
1998,48.47,-5.45,1000.78,104.35,240,0.19,0.17
2000,48.50,-5.49,1000.76,104.55,240,0.19,0.17
2002,48.51,-5.46,1000.76,104.54,239,0.19,0.17
2004,48.53,-5.46,1000.74,104.74,240,0.19,0.17
2006,48.53,-5.50,1000.78,104.32,242,0.20,0.18
2008,48.45,-5.48,1000.74,104.72,240,0.19,0.17
2010,48.53,-5.45,1000.76,104.49,240,0.19,0.17
2012,48.62,-5.47,1000.74,104.64,240,0.19,0.17
2014,48.71,-5.52,1000.75,104.63,241,0.19,0.18
2016,48.62,-5.50,1000.74,104.66,241,0.19,0.18
2018,48.78,-5.52,1000.72,104.88,247,0.20,0.18
2020,48.81,-5.54,1000.73,104.77,241,0.19,0.18
2023,48.71,-5.53,1000.70,105.05,246,0.20,0.18
2025,48.80,-5.54,1000.70,104.99,240,0.19,0.17
2027,48.78,-5.55,1000.73,104.74,240,0.19,0.17
2029,48.88,-5.54,1000.75,104.61,243,0.20,0.18
2031,48.84,-5.53,1000.73,104.78,240,0.19,0.17
2033,48.76,-5.54,1000.76,104.49,243,0.20,0.18
2035,48.71,-5.49,1000.72,104.86,240,0.19,0.17
2037,48.53,-5.46,1000.77,104.46,239,0.19,0.17
2039,48.59,-5.46,1000.78,104.33,241,0.19,0.18
2041,48.49,-5.47,1000.73,104.73,242,0.20,0.18
2043,48.53,-5.46,1000.73,104.77,240,0.19,0.17
2045,48.49,-5.48,1000.76,104.54,243,0.20,0.18
2047,48.57,-5.49,1000.76,104.54,240,0.19,0.17
2049,48.60,-5.48,1000.71,104.92,240,0.19,0.17
2051,48.68,-5.52,1000.75,104.60,240,0.19,0.17
2053,48.60,-5.50,1000.74,104.69,241,0.19,0.18
2055,48.71,-5.49,1000.74,104.65,246,0.20,0.18
2057,48.68,-5.49,1000.75,104.57,240,0.19,0.17
2059,48.82,-5.53,1000.73,104.74,239,0.19,0.17
2061,48.88,-5.54,1000.71,104.91,244,0.20,0.18
2063,48.96,-5.56,1000.74,104.67,240,0.19,0.17
2065,49.08,-5.57,1000.75,104.58,242,0.20,0.18
2067,49.06,-5.56,1000.75,104.61,253,0.20,0.19
2069,49.08,-5.58,1000.79,104.24,243,0.20,0.18
2072,49.07,-5.59,1000.76,104.55,240,0.19,0.17
2074,49.15,-5.60,1000.79,104.28,247,0.20,0.18
2076,49.13,-5.60,1000.77,104.42,242,0.20,0.18
2078,49.00,-5.57,1000.73,104.79,240,0.19,0.17
2080,48.91,-5.57,1000.76,104.50,240,0.19,0.17
2082,48.90,-5.57,1000.76,104.52,240,0.19,0.17
2084,48.74,-5.56,1000.72,104.66,243,0.20,0.18
2086,48.62,-5.56,1000.75,104.56,241,0.19,0.18
2088,48.59,-5.56,1000.73,104.80,240,0.19,0.17
2090,48.68,-5.57,1000.78,104.35,240,0.19,0.17
2092,48.65,-5.54,1000.76,104.48,242,0.20,0.18
2094,48.66,-5.54,1000.75,104.58,245,0.20,0.18
2096,48.69,-5.57,1000.75,104.58,242,0.20,0.18
2098,48.68,-5.54,1000.73,104.76,241,0.19,0.18
2100,48.79,-5.56,1000.73,104.73,241,0.19,0.18
2102,48.65,-5.56,1000.69,105.14,241,0.19,0.18
2104,48.66,-5.57,1000.70,105.02,240,0.19,0.17
2106,48.71,-5.56,1000.78,104.33,244,0.20,0.18
2108,48.58,-5.55,1000.73,104.80,244,0.20,0.18
2110,48.73,-5.55,1000.71,104.90,243,0.20,0.18
2112,48.75,-5.55,1000.74,104.66,245,0.20,0.18
2114,48.77,-5.54,1000.72,104.89,236,0.19,0.17
2116,48.81,-5.56,1000.70,105.03,252,0.20,0.19
2118,48.91,-5.57,1000.72,104.83,243,0.20,0.18
2120,48.91,-5.57,1000.73,104.73,242,0.20,0.18
2123,48.94,-5.60,1000.72,104.82,242,0.20,0.18
2125,49.03,-5.60,1000.70,105.02,246,0.20,0.18
2127,48.99,-5.61,1000.71,104.93,240,0.19,0.17
2129,49.00,-5.59,1000.72,104.84,240,0.19,0.17
2131,49.06,-5.60,1000.71,104.97,245,0.20,0.18
2133,48.93,-5.61,1000.71,104.91,255,0.21,0.19
2135,48.75,-5.58,1000.68,105.16,246,0.20,0.18
2137,48.68,-5.57,1000.68,105.17,241,0.19,0.18
2139,48.57,-5.56,1000.69,105.09,240,0.19,0.17
2141,48.54,-5.55,1000.70,104.98,244,0.20,0.18
2143,48.57,-5.52,1000.69,105.08,242,0.20,0.18
2145,48.50,-5.53,1000.72,104.85,241,0.19,0.18
2147,48.50,-5.55,1000.70,105.06,251,0.20,0.19
2149,48.52,-5.53,1000.68,105.22,243,0.20,0.18
2151,48.55,-5.51,1000.71,104.95,249,0.20,0.18
2153,48.64,-5.51,1000.68,105.18,254,0.20,0.19
2155,48.72,-5.51,1000.69,105.07,243,0.20,0.18
2157,48.67,-5.53,1000.71,104.95,244,0.20,0.18
2159,48.77,-5.55,1000.69,105.08,246,0.20,0.18
2161,48.74,-5.55,1000.67,105.29,241,0.19,0.18
2163,48.80,-5.55,1000.71,104.92,245,0.20,0.18
2165,48.77,-5.56,1000.65,105.45,246,0.20,0.18
2167,48.95,-5.58,1000.68,105.18,246,0.20,0.18
2169,48.92,-5.59,1000.70,104.99,242,0.20,0.18
2171,48.98,-5.59,1000.68,105.16,245,0.20,0.18
2174,49.08,-5.62,1000.68,105.20,251,0.20,0.19
2176,49.05,-5.65,1000.70,105.05,245,0.20,0.18
2178,49.03,-5.62,1000.69,105.14,247,0.20,0.18
2180,49.15,-5.63,1000.67,105.26,239,0.19,0.17
2182,49.13,-5.64,1000.68,105.18,241,0.19,0.18
2184,49.07,-5.62,1000.69,105.07,243,0.20,0.18
2186,49.09,-5.61,1000.69,105.12,242,0.20,0.18
2188,49.05,-5.61,1000.70,105.00,245,0.20,0.18
2190,48.93,-5.60,1000.70,104.97,245,0.20,0.18
2192,48.69,-5.62,1000.65,105.45,249,0.20,0.18
2194,48.75,-5.58,1000.64,105.48,242,0.20,0.18
2196,48.72,-5.55,1000.66,105.33,243,0.20,0.18
2198,48.68,-5.55,1000.65,105.41,246,0.20,0.18
2200,48.74,-5.55,1000.67,105.24,242,0.20,0.18
2202,48.63,-5.54,1000.63,105.61,240,0.19,0.17
2204,48.76,-5.56,1000.65,105.40,242,0.20,0.18
2206,48.70,-5.58,1000.66,105.36,242,0.20,0.18
2208,48.66,-5.58,1000.64,105.56,240,0.19,0.17
2210,48.79,-5.57,1000.66,105.34,245,0.20,0.18
2212,48.84,-5.57,1000.66,105.35,253,0.20,0.19
2214,48.92,-5.58,1000.67,105.28,243,0.20,0.18
2216,48.90,-5.59,1000.69,105.13,247,0.20,0.18
2218,48.90,-5.57,1000.65,105.43,237,0.19,0.17
2220,48.91,-5.58,1000.66,105.37,236,0.19,0.17
2222,48.99,-5.60,1000.67,105.30,244,0.20,0.18
2225,48.97,-5.60,1000.68,105.17,246,0.20,0.18
2227,49.09,-5.61,1000.68,105.21,250,0.20,0.18
2229,49.11,-5.62,1000.63,105.60,242,0.20,0.18
2231,49.00,-5.61,1000.65,105.44,247,0.20,0.18
2233,49.05,-5.61,1000.63,105.61,243,0.20,0.18
2235,48.98,-5.61,1000.65,105.44,242,0.20,0.18
2237,48.97,-5.60,1000.61,105.73,246,0.20,0.18
2239,48.96,-5.59,1000.63,105.59,243,0.20,0.18
2241,48.87,-5.59,1000.65,105.44,246,0.20,0.18
2243,48.81,-5.56,1000.62,105.71,246,0.20,0.18
2245,48.88,-5.57,1000.58,106.00,243,0.20,0.18
2247,48.77,-5.56,1000.58,106.03,252,0.20,0.19
2249,48.80,-5.57,1000.59,105.92,247,0.20,0.18
2251,48.73,-5.56,1000.63,105.65,246,0.20,0.18
2253,48.67,-5.54,1000.60,105.88,246,0.20,0.18
2255,48.71,-5.53,1000.61,105.76,249,0.20,0.18
2257,48.65,-5.53,1000.59,105.96,243,0.20,0.18
2259,48.76,-5.54,1000.61,105.76,247,0.20,0.18
2261,48.85,-5.54,1000.62,105.65,245,0.20,0.18
2263,48.98,-5.58,1000.62,105.72,247,0.20,0.18
2265,48.99,-5.59,1000.59,105.92,245,0.20,0.18
2267,48.96,-3.45,1000.63,105.58,240,0.19,0.17
2269,48.61,-3.63,1000.62,105.72,259,0.21,0.19
2271,48.43,-4.86,1000.59,105.90,259,0.21,0.19
2273,48.29,-5.11,1000.59,105.96,256,0.21,0.19
2276,48.09,-5.21,1000.61,105.80,256,0.21,0.19
2278,47.92,-5.24,1000.57,106.15,256,0.21,0.19
2280,47.76,-4.92,1000.59,105.94,132,0.11,0.08
2282,46.95,-3.72,1000.50,106.73,123,0.10,0.07
2284,46.71,-4.30,1000.48,106.83,116,0.09,0.07
0,23.36,36.61,1006.04,60.23,94,0.08,0.05
2,23.33,36.57,1006.05,60.15,95,0.08,0.05
4,23.31,36.64,1006.04,60.22,103,0.08,0.06
6,23.31,36.64,1006.04,60.23,107,0.09,0.06
8,23.33,36.59,1006.07,59.98,98,0.08,0.05
10,23.33,36.57,1006.06,60.03,105,0.08,0.06
12,23.33,36.48,1006.07,59.96,101,0.08,0.06
14,23.30,37.15,1006.06,60.06,102,0.08,0.06
16,23.30,37.94,1006.05,60.08,101,0.08,0.06
18,23.30,37.47,1006.07,59.96,101,0.08,0.06
20,23.33,37.68,1006.04,60.21,105,0.08,0.06
22,23.35,37.53,1006.02,60.36,106,0.09,0.06
24,23.33,37.15,1006.05,60.11,105,0.08,0.06
26,23.29,36.64,1006.05,60.16,105,0.08,0.06
28,23.27,36.46,1006.04,60.22,105,0.08,0.06
30,23.26,36.39,1006.00,60.54,97,0.08,0.05
32,23.27,36.33,1006.00,60.51,99,0.08,0.06
34,23.29,36.33,1006.04,60.22,97,0.08,0.05
36,23.28,36.28,1006.01,60.42,98,0.08,0.05
38,23.26,36.24,1006.01,60.45,98,0.08,0.05
40,23.26,36.23,1006.03,60.27,96,0.08,0.05
42,23.26,36.22,1006.03,60.32,78,0.06,0.04
44,23.27,36.23,1006.02,60.37,85,0.07,0.05
46,23.26,36.23,1006.03,60.31,80,0.06,0.04
48,23.27,36.21,1006.02,60.36,90,0.07,0.05
50,23.28,36.22,1006.03,60.28,75,0.06,0.04
52,23.27,36.20,1006.04,60.22,93,0.07,0.05
54,23.25,36.22,1006.01,60.49,106,0.09,0.06
56,23.23,36.25,1006.00,60.56,95,0.08,0.05
58,23.24,36.25,1005.99,60.63,84,0.07,0.04
60,23.24,36.21,1006.01,60.48,86,0.07,0.05
62,23.25,36.26,1006.00,60.50,89,0.07,0.05
64,23.24,36.26,1006.01,60.48,88,0.07,0.05
66,23.22,36.32,1006.05,60.10,90,0.07,0.05
68,23.20,36.39,1006.02,60.33,94,0.08,0.05
70,23.17,36.41,1006.03,60.29,92,0.07,0.05
